"1","1","35553","1","3","1","1500","0","-1","1","100","2019-11-23 14:30:00","",,""
"2","1","35791","1","5","1","750","0","-1","1","100","2019-11-23 14:30:00","",,""
"3","1","35036","1","2","1","4200","0","-1","1","100","2019-11-23 14:30:00","",,""
"4","1","35082","1","2","1","4200","0","-1","1","100","2019-11-23 14:30:00","",,""
"5","1","35075","1","2","1","4200","0","-1","1","100","2019-11-23 14:30:00","",,""
"6","1","35007","1","2","1","4200","0","-1","1","100","2019-11-23 14:30:00","",,""
"7","1","35035","1","100","1","2250","0","-1","1","100","2019-11-23 14:30:00","",,""
"8","1","35081","1","100","1","2250","0","-1","1","100","2019-11-23 14:30:00","",,""
"9","1","35074","1","100","1","2250","0","-1","1","100","2019-11-23 14:30:00","",,""
"10","1","35006","1","100","1","2250","0","-1","1","100","2019-11-23 14:30:00","",,""
"11","1","35034","1","100","1","750","0","-1","1","100","2019-11-23 14:30:00","",,""
"12","1","35080","1","100","1","750","0","-1","1","100","2019-11-23 14:30:00","",,""
"13","1","35073","1","100","1","750","0","-1","1","100","2019-11-23 14:30:00","",,""
"14","1","35005","1","100","1","750","0","-1","1","100","2019-11-23 14:30:00","",,""
"15","1","35033","1","2","1","3000","0","-1","1","100","2019-11-23 14:30:00","",,""
"16","1","35079","1","2","1","3000","0","-1","1","100","2019-11-23 14:30:00","",,""
"17","1","35069","1","2","1","3000","0","-1","1","100","2019-11-23 14:30:00","",,""
"18","1","35004","1","2","1","3000","0","-1","1","100","2019-11-23 14:30:00","",,""
"19","1","35023","10000","3","1","100","0","-1","1","100","2019-11-23 14:30:00","",,""
"20","1","35023","200",,"1","10","0","-1","0","100","2019-11-23 14:30:00","",,""
"21","2","50194","1","17","2","500","1","250","0","100","2019-11-23 14:30:00","2",,""
"22","2","50195","1","17","2","500","1","250","0","100","2019-11-23 14:30:00","2",,""
"23","2","50196","1","17","2","100","0","-1","0","100","2019-11-23 14:30:00","2",,""
"24","2","35018","1","1","2","5000","0","-1","0","100","2019-11-23 14:30:00","2",,""
"25","2","35820","1","5","2","1000","0","-1","0","100","2019-11-23 14:30:00","2",,""
"26","2","35229","1","5","2","500","0","-1","0","100","2019-11-23 14:30:00","2",,""
"27","2","35993","1","2","2","2500","0","-1","0","100","2019-11-23 14:30:00","2",,""
"28","2","35646","1","1","2","3000","0","-1","0","100","2019-11-23 14:30:00","2",,""
"29","2","35645","1","2","2","1000","0","-1","0","100","2019-11-23 14:30:00","2",,""
"30","2","35023","2500",,"2","10","0","-1","0","100","2019-11-23 14:30:00","2",,""
"31","1","50201","1","28","2","500","0","250","0","100","2019-12-23 12:00:00","",,""
"32","1","50194","1","28","2","500","0","250","0","100","2019-12-23 12:00:00","",,""
"33","1","50195","1","28","2","500","0","250","0","100","2019-12-23 12:00:00","",,""
"34","1","50196","1","28","2","100","0","-1","0","100","2019-12-23 12:00:00","",,""
"35","3","35018","1","1","2","5000","0","-1","0","100","2019-12-23 12:00:00","3",,""
"36","3","35820","1","5","2","1000","0","-1","0","100","2019-12-23 12:00:00","3",,""
"37","3","35229","1","5","2","500","0","-1","0","100","2019-12-23 12:00:00","3",,""
"38","3","35993","1","2","2","2500","0","-1","0","100","2019-12-23 12:00:00","3",,""
"39","3","35660","1","1","2","3000","0","-1","0","100","2019-12-23 12:00:00","3",,""
"40","3","35659","1","2","2","1000","0","-1","0","100","2019-12-23 12:00:00","3",,""
"41","3","35023","2500",,"2","10","0","-1","0","9999","2019-12-23 12:00:00","3",,""
"42","1","504","1","28","1","500","0","-1","0","50","2019-12-26 13:30:00","",,""
"43","1","50203","1","28","2","500","0","250","0","50","2020-01-29 13:00:00","",,""
"44","1","50202","1","28","2","500","0","250","0","49","2020-01-29 13:00:00","",,""
"45","1","50207","1","28","2","500","0","250","0","49","2020-01-29 13:00:00","",,""
"46","4","35018","1","1","2","5000","0","-1","0","100","2020-01-29 13:00:00","4",,""
"47","4","35820","1","5","2","1000","0","-1","0","100","2020-01-29 13:00:00","4",,""
"48","4","35229","1","5","2","500","0","-1","0","100","2020-01-29 13:00:00","4",,""
"49","4","35993","1","2","2","2500","0","-1","0","100","2020-01-29 13:00:00","4",,""
"50","4","35653","1","1","2","3000","0","-1","0","100","2020-01-29 13:00:00","4",,""
"51","4","35652","1","2","2","1000","0","-1","0","100","2020-01-29 13:00:00","4",,""
"52","4","35023","2500",,"2","10","0","-1","0","9999","2020-01-29 13:00:00","4",,""
"53","5","35018","1","1","2","5000","0","-1","0","100","2020-02-27 13:00:00","5",,""
"54","5","35820","1","5","2","1000","0","-1","0","100","2020-02-27 13:00:00","5",,""
"55","5","35229","1","5","2","500","0","-1","0","100","2020-02-27 13:00:00","5",,""
"56","5","35993","1","2","2","2500","0","-1","0","100","2020-02-27 13:00:00","5",,""
"57","5","35646","1","1","2","3000","0","-1","0","100","2020-02-27 13:00:00","5",,""
"58","5","35645","1","2","2","1000","0","-1","0","100","2020-02-27 13:00:00","5",,""
"59","5","35023","2500",,"2","10","0","-1","0","9999","2020-02-27 13:00:00","5",,""
"60","5","36122","1","90","2","50","0","-1","0","3","2020-02-27 13:00:00","5",,""
"61","1","50248","1","28","2","500","1","250","0","36","2020-02-27 13:00:00","","2021-01-28 13:00:00","16"
"62","1","35023","20",,"1","1","0","-1","0","10000","2020-03-30 15:00:00","",,""
"63","6","35018","1","1","2","5000","0","-1","0","100","2020-03-30 15:00:00","6",,""
"64","6","35820","1","5","2","1000","0","-1","0","100","2020-03-30 15:00:00","6",,""
"65","6","35229","1","5","2","500","0","-1","0","100","2020-03-30 15:00:00","6",,""
"66","6","35993","1","2","2","2500","0","-1","0","100","2020-03-30 15:00:00","6",,""
"67","6","35653","1","1","2","3000","0","-1","0","100","2020-03-30 15:00:00","6",,""
"68","6","35652","1","2","2","1000","0","-1","0","100","2020-03-30 15:00:00","6",,""
"69","6","35023","2500",,"2","10","0","-1","0","9999","2020-03-30 15:00:00","6",,""
"70","6","36122","1","90","2","50","0","-1","0","3","2020-03-30 15:00:00","6",,""
"71","1","50260","1","28","2","500","1","250","0","47","2020-03-30 15:00:00","","2020-03-30 15:00:00","6"
"72","1","50261","1","28","2","500","1","250","0","45","2020-03-30 15:00:00","","2020-05-28 12:59:59","8"
"73","7","35018","1","1","2","5000","0","-1","0","100","2020-04-30 11:30:00","7",,""
"74","7","35820","1","5","2","1000","0","-1","0","100","2020-04-30 11:30:00","7",,""
"75","7","35229","1","5","2","500","0","-1","0","100","2020-04-30 11:30:00","7",,""
"76","7","35993","1","2","2","2500","0","-1","0","100","2020-04-30 11:30:00","7",,""
"77","7","35646","1","1","2","3000","0","-1","0","100","2020-04-30 11:30:00","7",,""
"78","7","35645","1","2","2","1000","0","-1","0","100","2020-04-30 11:30:00","7",,""
"79","7","35023","2500",,"2","10","0","-1","0","9999","2020-04-30 11:30:00","7",,""
"80","7","36122","1","95","2","50","0","-1","0","3","2020-04-30 11:30:00","7",,""
"81","1","50299","1","28","2","500","1","250","0","46","2020-04-30 11:30:00","","2020-04-30 11:30:00","7"
"82","8","35018","1","1","2","5000","0","-1","0","100","2020-05-28 13:00:00","8",,""
"83","8","35820","1","5","2","1000","0","-1","0","100","2020-05-28 13:00:00","8",,""
"84","8","35229","1","5","2","500","0","-1","0","100","2020-05-28 13:00:00","8",,""
"85","8","35993","1","2","2","2500","0","-1","0","100","2020-05-28 13:00:00","8",,""
"86","8","35660","1","1","2","3000","0","-1","0","100","2020-05-28 13:00:00","8",,""
"87","8","35659","1","2","2","1000","0","-1","0","100","2020-05-28 13:00:00","8",,""
"88","8","35023","2500",,"2","10","0","-1","0","9999","2020-05-28 13:00:00","8",,""
"89","8","36122","1","95","2","50","1","35","0","3","2020-05-28 13:00:00","8","2020-05-28 13:00:00","8"
"90","1","50310","1","28","2","500","1","250","0","43","2020-06-24 13:00:00","","2020-06-24 13:00:00","9"
"91","1","50311","1","28","2","500","1","250","0","44","2020-06-24 13:00:00","","2020-06-24 13:00:00","9"
"92","9","35018","1","1","2","5000","0","-1","0","100","2020-06-24 13:00:00","9",,""
"93","9","35820","1","5","2","1000","0","-1","0","100","2020-06-24 13:00:00","9",,""
"94","9","35229","1","5","2","500","0","-1","0","100","2020-06-24 13:00:00","9",,""
"95","9","35993","1","2","2","2500","0","-1","0","100","2020-06-24 13:00:00","9",,""
"96","9","35653","1","1","2","3000","0","-1","0","100","2020-06-24 13:00:00","9",,""
"97","9","35652","1","2","2","1000","0","-1","0","100","2020-06-24 13:00:00","9",,""
"98","9","35023","2500",,"2","10","0","-1","0","9999","2020-06-24 13:00:00","9",,""
"99","9","36122","1","95","2","50","0","-1","0","3","2020-06-24 13:00:00","9",,""
"100","1","2102","1","28","1","500","0","-1","0","48","2020-06-24 13:00:00","",,""
"101","1","2131","1","28","1","500","0","-1","0","49","2020-06-24 13:00:00","",,""
"102","1","50319","1","28","2","500","1","250","0","42","2020-07-30 13:00:00","","2020-07-30 13:00:00","10"
"103","9","35018","1","1","2","5000","0","-1","0","100","2020-07-30 13:00:00","10",,""
"104","9","35820","1","5","2","1000","0","-1","0","100","2020-07-30 13:00:00","10",,""
"105","9","35229","1","5","2","500","0","-1","0","100","2020-07-30 13:00:00","10",,""
"106","9","35993","1","2","2","2500","0","-1","0","100","2020-07-30 13:00:00","10",,""
"107","9","35646","1","1","2","3000","0","-1","0","100","2020-07-30 13:00:00","10",,""
"108","9","35645","1","2","2","1000","0","-1","0","100","2020-07-30 13:00:00","10",,""
"109","9","35023","2500",,"2","10","0","-1","0","9999","2020-07-30 13:00:00","10",,""
"110","9","36122","1","95","2","50","0","-1","0","3","2020-07-30 13:00:00","10",,""
"111","1","50324","1","28","2","500","1","250","0","41","2020-08-27 13:00:00","","2020-08-27 13:00:00","11"
"112","11","35018","1","1","2","5000","0","-1","0","100","2020-08-27 13:00:00","11",,""
"113","11","35820","1","5","2","1000","0","-1","0","100","2020-08-27 13:00:00","11",,""
"114","11","35229","1","5","2","500","0","-1","0","100","2020-08-27 13:00:00","11",,""
"115","11","35993","1","2","2","2500","0","-1","0","100","2020-08-27 13:00:00","11",,""
"116","11","35660","1","1","2","3000","0","-1","0","100","2020-08-27 13:00:00","11",,""
"117","11","35659","1","2","2","1000","0","-1","0","100","2020-08-27 13:00:00","11",,""
"118","11","35023","2500",,"2","10","0","-1","0","9999","2020-08-27 13:00:00","11",,""
"119","11","36122","1","100","2","50","0","-1","0","3","2020-08-27 13:00:00","11",,""
"120","1","50327","1","28","2","500","1","250","0","40","2020-09-29 13:00:00",,"2020-09-29 13:00:00","12"
"121","12","35018","1","1","2","5000","0","-1","0","100","2020-09-29 13:00:00","12",,
"122","12","35820","1","5","2","1000","0","-1","0","100","2020-09-29 13:00:00","12",,
"123","12","35229","1","5","2","500","0","-1","0","100","2020-09-29 13:00:00","12",,
"124","12","35993","1","2","2","2500","0","-1","0","100","2020-09-29 13:00:00","12",,
"125","12","35653","1","1","2","3000","0","-1","0","100","2020-09-29 13:00:00","12",,
"126","12","35652","1","2","2","1000","0","-1","0","100","2020-09-29 13:00:00","12",,
"127","12","35023","2500",,"2","10","0","-1","0","9999","2020-09-29 13:00:00","12",,
"128","12","36122","1","100","2","50","0","-1","0","3","2020-09-29 13:00:00","12",,
"129","1","50341","1","28","2","500","1","250","0","39","2020-10-29 13:00:00",,"2020-10-29 13:00:00","13"
"130","13","35018","1","1","2","5000","0","-1","0","100","2020-10-29 13:00:00","13",,
"131","13","35820","1","5","2","1000","0","-1","0","100","2020-10-29 13:00:00","13",,
"132","13","35229","1","5","2","500","0","-1","0","100","2020-10-29 13:00:00","13",,
"133","13","35993","1","2","2","2500","0","-1","0","100","2020-10-29 13:00:00","13",,
"134","13","35646","1","1","2","3000","0","-1","0","100","2020-10-29 13:00:00","13",,
"135","13","35645","1","2","2","1000","0","-1","0","100","2020-10-29 13:00:00","13",,
"136","13","35023","2500",,"2","10","0","-1","0","9999","2020-10-29 13:00:00","13",,
"137","13","36122","1","100","2","50","0","-1","0","3","2020-10-29 13:00:00","13",,
"138","1","50351","1","28","2","500","1","250","0","38","2020-11-30 13:00:00",,"2020-11-30 13:00:00","14"
"139","14","35018","1","1","2","5000","0","-1","0","100","2020-11-30 13:00:00","14",,
"140","14","35820","1","5","2","1000","0","-1","0","100","2020-11-30 13:00:00","14",,
"141","14","35229","1","5","2","500","0","-1","0","100","2020-11-30 13:00:00","14",,
"142","14","35993","1","2","2","2500","0","-1","0","100","2020-11-30 13:00:00","14",,
"143","14","35660","1","1","2","3000","0","-1","0","100","2020-11-30 13:00:00","14",,
"144","14","35659","1","2","2","1000","0","-1","0","100","2020-11-30 13:00:00","14",,
"145","14","35023","2500",,"2","10","0","-1","0","9999","2020-11-30 13:00:00","14",,
"146","14","36122","1","100","2","50","0","-1","0","3","2020-11-30 13:00:00","14",,
"147","1","50362","1","28","2","500","1","250","0","37","2020-12-28 13:00:00",,"2020-12-28 13:00:00","15"
"148","15","35018","1","1","2","5000","0","-1","0","100","2020-12-28 13:00:00","15",,
"149","15","35820","1","5","2","1000","0","-1","0","100","2020-12-28 13:00:00","15",,
"150","15","35229","1","5","2","500","0","-1","0","100","2020-12-28 13:00:00","15",,
"151","15","35993","1","2","2","2500","0","-1","0","100","2020-12-28 13:00:00","15",,
"152","15","35653","1","1","2","3000","0","-1","0","100","2020-12-28 13:00:00","15",,
"153","15","35652","1","2","2","1000","0","-1","0","100","2020-12-28 13:00:00","15",,
"154","15","35023","2500",,"2","10","0","-1","0","9999","2020-12-28 13:00:00","15",,
"155","15","36122","1","105","2","50","0","-1","0","3","2020-12-28 13:00:00","15",,
"156","16","35018","1","1","2","5000","0","-1","0","100","2021-01-28 13:00:00","16",,
"157","16","35820","1","5","2","1000","0","-1","0","100","2021-01-28 13:00:00","16",,
"158","16","35229","1","5","2","500","0","-1","0","100","2021-01-28 13:00:00","16",,
"159","16","35993","1","2","2","2500","0","-1","0","100","2021-01-28 13:00:00","16",,
"160","16","35646","1","1","2","3000","0","-1","0","100","2021-01-28 13:00:00","16",,
"161","16","35645","1","2","2","1000","0","-1","0","100","2021-01-28 13:00:00","16",,
"162","16","35023","2500",,"2","10","0","-1","0","9999","2021-01-28 13:00:00","16",,
"163","16","36122","1","105","2","50","0","-1","0","3","2021-01-28 13:00:00","16",,
"164","1","50407","1","28","2","500","1","250","0","35","2021-02-25 13:00:00",,"2021-02-25 13:00:00","17"
"165","17","35018","1","1","2","5000","0","-1","0","100","2021-02-25 13:00:00","17",,
"166","17","35820","1","5","2","1000","0","-1","0","100","2021-02-25 13:00:00","17",,
"167","17","35229","1","5","2","500","0","-1","0","100","2021-02-25 13:00:00","17",,
"168","17","35993","1","2","2","2500","0","-1","0","100","2021-02-25 13:00:00","17",,
"169","17","35660","1","1","2","3000","0","-1","0","100","2021-02-25 13:00:00","17",,
"170","17","35659","1","2","2","1000","0","-1","0","100","2021-02-25 13:00:00","17",,
"171","17","35023","2500",,"2","10","0","-1","0","9999","2021-02-25 13:00:00","17",,
"172","17","36122","1","105","2","50","0","-1","0","3","2021-02-25 13:00:00","17",,
"173","18","35018","1","1","2","5000","0","-1","0","100","2021-03-25 13:00:00","18",,
"174","18","35820","1","5","2","1000","0","-1","0","100","2021-03-25 13:00:00","18",,
"175","18","35229","1","5","2","500","0","-1","0","100","2021-03-25 13:00:00","18",,
"176","18","35993","1","2","2","2500","0","-1","0","100","2021-03-25 13:00:00","18",,
"177","18","35653","1","1","2","3000","0","-1","0","100","2021-03-25 13:00:00","18",,
"178","18","35652","1","2","2","1000","0","-1","0","100","2021-03-25 13:00:00","18",,
"179","18","35023","2500",,"2","10","0","-1","0","9999","2021-03-25 13:00:00","18",,
"180","18","36122","1","105","2","50","1","35","0","3","2021-03-25 13:00:00","18","2021-03-25 13:00:00","18"
"181","1","50412","1","28","2","500","1","250","0","34","2021-04-28 13:00:00",,"2021-04-28 13:00:00","19"
"182","19","35018","1","1","2","5000","0","-1","0","100","2021-04-28 13:00:00","19",,
"183","19","35820","1","5","2","1000","0","-1","0","100","2021-04-28 13:00:00","19",,
"184","19","35229","1","5","2","500","0","-1","0","100","2021-04-28 13:00:00","19",,
"185","19","35993","1","2","2","2500","0","-1","0","100","2021-04-28 13:00:00","19",,
"186","19","35646","1","1","2","3000","0","-1","0","100","2021-04-28 13:00:00","19",,
"187","19","35645","1","2","2","1000","0","-1","0","100","2021-04-28 13:00:00","19",,
"188","19","35023","2500",,"2","10","0","-1","0","9999","2021-04-28 13:00:00","19",,
"189","19","36122","1","110","2","50","0","-1","0","3","2021-04-28 13:00:00","19",,
"190","1","50434","1","28","2","500","1","250","0","33","2021-05-27 13:00:00",,"2021-05-27 13:00:00","20"
"191","20","35018","1","1","2","5000","0","-1","0","100","2021-05-27 13:00:00","20",,
"192","20","35820","1","5","2","1000","0","-1","0","100","2021-05-27 13:00:00","20",,
"193","20","35229","1","5","2","500","0","-1","0","100","2021-05-27 13:00:00","20",,
"194","20","35993","1","2","2","2500","0","-1","0","100","2021-05-27 13:00:00","20",,
"195","20","35660","1","1","2","3000","0","-1","0","100","2021-05-27 13:00:00","20",,
"196","20","35659","1","2","2","1000","0","-1","0","100","2021-05-27 13:00:00","20",,
"197","20","35023","2500",,"2","10","0","-1","0","9999","2021-05-27 13:00:00","20",,
"198","20","36122","1","110","2","50","0","-1","0","3","2021-05-27 13:00:00","20",,
"199","1","50406","1","28","2","500","1","250","0","32","2021-06-24 13:00:00",,"2021-06-24 13:00:00","21"
"200","21","35018","1","1","2","5000","0","-1","0","100","2021-06-24 13:00:00","21",,
"201","21","35820","1","5","2","1000","0","-1","0","100","2021-06-24 13:00:00","21",,
"202","21","35229","1","5","2","500","0","-1","0","100","2021-06-24 13:00:00","21",,
"203","21","35993","1","2","2","2500","0","-1","0","100","2021-06-24 13:00:00","21",,
"204","21","35653","1","1","2","3000","0","-1","0","100","2021-06-24 13:00:00","21",,
"205","21","35652","1","2","2","1000","0","-1","0","100","2021-06-24 13:00:00","21",,
"206","21","35023","2500",,"2","10","0","-1","0","9999","2021-06-24 13:00:00","21",,
"207","21","36122","1","110","2","50","0","-1","0","3","2021-06-24 13:00:00","21",,
"208","22","35018","1","1","2","5000","0","-1","0","100","2021-07-28 13:00:00","22",,
"209","22","35820","1","5","2","1000","0","-1","0","100","2021-07-28 13:00:00","22",,
"210","22","35229","1","5","2","500","0","-1","0","100","2021-07-28 13:00:00","22",,
"211","22","35993","1","2","2","2500","0","-1","0","100","2021-07-28 13:00:00","22",,
"212","22","35646","1","1","2","3000","0","-1","0","100","2021-07-28 13:00:00","22",,
"213","22","35645","1","2","2","1000","0","-1","0","100","2021-07-28 13:00:00","22",,
"214","22","35023","2500",,"2","10","0","-1","0","9999","2021-07-28 13:00:00","22",,
"215","22","36122","1","115","2","50","1","35","0","3","2021-07-28 13:00:00","22","2021-07-28 13:00:00","22"
"216","1","3003","1","28","1","500","0","-1","0","47","2021-07-31 00:00:00",,,
"217","1","50467","1","28","2","500","1","250","0","31","2021-08-27 13:00:00",,"2021-08-27 13:00:00","23"
"218","23","35018","1","1","2","5000","0","-1","0","100","2021-08-27 13:00:00","23",,
"219","23","35820","1","5","2","1000","0","-1","0","100","2021-08-27 13:00:00","23",,
"220","23","35229","1","5","2","500","0","-1","0","100","2021-08-27 13:00:00","23",,
"221","23","35993","1","2","2","2500","0","-1","0","100","2021-08-27 13:00:00","23",,
"222","23","35660","1","1","2","3000","0","-1","0","100","2021-08-27 13:00:00","23",,
"223","23","35659","1","2","2","1000","0","-1","0","100","2021-08-27 13:00:00","23",,
"224","23","35023","2500",,"2","10","0","-1","0","9999","2021-08-27 13:00:00","23",,
"225","23","36122","1","115","2","50","0","-1","0","3","2021-08-27 13:00:00","23",,
"226","1","50482","1","28","2","500","1","250","0","30","2021-09-24 13:00:00",,"2021-09-24 13:00:00","24"
"227","24","35018","1","1","2","5000","0","-1","0","100","2021-09-24 13:00:00","24",,
"228","24","35820","1","5","2","1000","0","-1","0","100","2021-09-24 13:00:00","24",,
"229","24","35229","1","5","2","500","0","-1","0","100","2021-09-24 13:00:00","24",,
"230","24","35993","1","2","2","2500","0","-1","0","100","2021-09-24 13:00:00","24",,
"231","24","35653","1","1","2","3000","0","-1","0","100","2021-09-24 13:00:00","24",,
"232","24","35652","1","2","2","1000","0","-1","0","100","2021-09-24 13:00:00","24",,
"233","24","35023","2500",,"2","10","0","-1","0","9999","2021-09-24 13:00:00","24",,
"234","24","36122","1","115","2","50","0","-1","0","3","2021-09-24 13:00:00","24",,
"235","1","50509","1","28","2","500","1","250","0","29","2021-10-29 13:00:00",,"2021-10-29 13:00:00","25"
"236","25","35018","1","1","2","5000","0","-1","0","100","2021-10-29 13:00:00","25",,
"237","25","35820","1","5","2","1000","0","-1","0","100","2021-10-29 13:00:00","25",,
"238","25","35229","1","5","2","500","0","-1","0","100","2021-10-29 13:00:00","25",,
"239","25","35993","1","2","2","2500","0","-1","0","100","2021-10-29 13:00:00","25",,
"240","25","35646","1","1","2","3000","0","-1","0","100","2021-10-29 13:00:00","25",,
"241","25","35645","1","2","2","1000","0","-1","0","100","2021-10-29 13:00:00","25",,
"242","25","35023","2500",,"2","10","0","-1","0","9999","2021-10-29 13:00:00","25",,
"243","25","36122","1","115","2","50","0","-1","0","3","2021-10-29 13:00:00","25",,
"244","1","50433","1","28","2","500","1","250","0","28","2021-11-25 13:00:00",,"2021-11-25 13:00:00","26"
"245","26","35018","1","1","2","5000","0","-1","0","100","2021-11-25 13:00:00","26",,
"246","26","35820","1","5","2","1000","0","-1","0","100","2021-11-25 13:00:00","26",,
"247","26","35229","1","5","2","500","0","-1","0","100","2021-11-25 13:00:00","26",,
"248","26","35993","1","2","2","2500","0","-1","0","100","2021-11-25 13:00:00","26",,
"249","26","35660","1","1","2","3000","0","-1","0","100","2021-11-25 13:00:00","26",,
"250","26","35659","1","2","2","1000","0","-1","0","100","2021-11-25 13:00:00","26",,
"251","26","35023","2500",,"2","10","0","-1","0","9999","2021-11-25 13:00:00","26",,
"252","26","36122","1","120","2","50","0","-1","0","3","2021-11-25 13:00:00","26",,
"253","1","50374","1","28","2","500","1","250","0","27","2021-12-29 13:00:00",,"2021-12-29 13:00:00","27"
"254","27","35018","1","1","2","5000","0","-1","0","100","2021-12-29 13:00:00","27",,
"255","27","35820","1","5","2","1000","0","-1","0","100","2021-12-29 13:00:00","27",,
"256","27","35229","1","5","2","500","0","-1","0","100","2021-12-29 13:00:00","27",,
"257","27","35993","1","2","2","2500","0","-1","0","100","2021-12-29 13:00:00","27",,
"258","27","35653","1","1","2","3000","0","-1","0","100","2021-12-29 13:00:00","27",,
"259","27","35652","1","2","2","1000","0","-1","0","100","2021-12-29 13:00:00","27",,
"260","27","35023","2500",,"2","10","0","-1","0","9999","2021-12-29 13:00:00","27",,
"261","27","36122","1","120","2","50","0","-1","0","3","2021-12-29 13:00:00","27",,
"262","1","50715","1","28","2","500","1","250","0","26","2022-01-28 11:00:00",,"2022-01-28 11:00:00","28"
"263","28","35018","1","1","2","5000","0","-1","0","100","2022-01-28 11:00:00","28",,
"264","28","35820","1","5","2","1000","0","-1","0","100","2022-01-28 11:00:00","28",,
"265","28","35229","1","5","2","500","0","-1","0","100","2022-01-28 11:00:00","28",,
"266","28","35993","1","2","2","2500","0","-1","0","100","2022-01-28 11:00:00","28",,
"267","28","35646","1","1","2","3000","0","-1","0","100","2022-01-28 11:00:00","28",,
"268","28","35645","1","2","2","1000","0","-1","0","100","2022-01-28 11:00:00","28",,
"269","28","35023","2500",,"2","10","0","-1","0","9999","2022-01-28 11:00:00","28",,
"270","28","36122","1","125","2","50","0","-1","0","3","2022-01-28 11:00:00","28",,
"271","1","50714","1","28","2","500","1","250","0","25","2022-02-24 13:00:00",,"2022-02-24 13:00:00","29"
"272","29","35018","1","1","2","5000","0","-1","0","100","2022-02-24 13:00:00","29",,
"273","29","35820","1","5","2","1000","0","-1","0","100","2022-02-24 13:00:00","29",,
"274","29","35229","1","5","2","500","0","-1","0","100","2022-02-24 13:00:00","29",,
"275","29","35993","1","2","2","2500","0","-1","0","100","2022-02-24 13:00:00","29",,
"276","29","35660","1","1","2","3000","0","-1","0","100","2022-02-24 13:00:00","29",,
"277","29","35659","1","2","2","1000","0","-1","0","100","2022-02-24 13:00:00","29",,
"278","29","35023","2500",,"2","10","0","-1","0","9999","2022-02-24 13:00:00","29",,
"279","29","36122","1","125","2","50","0","-1","0","3","2022-02-24 13:00:00","29",,
"280","1","50713","1","28","2","500","1","250","0","24","2022-03-29 13:00:00",,"2022-03-29 13:00:00","30"
"281","30","35018","1","1","2","5000","0","-1","0","100","2022-03-29 13:00:00","30",,
"282","30","35820","1","5","2","1000","0","-1","0","100","2022-03-29 13:00:00","30",,
"283","30","35229","1","5","2","500","0","-1","0","100","2022-03-29 13:00:00","30",,
"284","30","35993","1","2","2","2500","0","-1","0","100","2022-03-29 13:00:00","30",,
"285","30","35653","1","1","2","3000","0","-1","0","100","2022-03-29 13:00:00","30",,
"286","30","35652","1","2","2","1000","0","-1","0","100","2022-03-29 13:00:00","30",,
"287","30","35023","2500",,"2","10","0","-1","0","9999","2022-03-29 13:00:00","30",,
"288","30","36122","1","125","2","50","0","-1","0","3","2022-03-29 13:00:00","30",,
"289","31","35018","1","1","2","5000","0","-1","0","100","2022-04-28 13:00:00","31",,
"290","31","35820","1","5","2","1000","0","-1","0","100","2022-04-28 13:00:00","31",,
"291","31","35229","1","5","2","500","0","-1","0","100","2022-04-28 13:00:00","31",,
"292","31","35993","1","2","2","2500","0","-1","0","100","2022-04-28 13:00:00","31",,
"293","31","35646","1","1","2","3000","0","-1","0","100","2022-04-28 13:00:00","31",,
"294","31","35645","1","2","2","1000","0","-1","0","100","2022-04-28 13:00:00","31",,
"295","31","35023","2500",,"2","10","0","-1","0","9999","2022-04-28 13:00:00","31",,
"296","31","36122","1","130","2","50","1","35","0","3","2022-04-28 13:00:00","31","2022-04-28 13:00:00","31"
"297","1","51106","1","28","2","500","1","250","0","23","2022-05-24 13:00:00",,"2022-05-24 13:00:00","32"
"298","32","35018","1","1","2","5000","0","-1","0","100","2022-05-24 13:00:00","32",,
"299","32","35820","1","5","2","1000","0","-1","0","100","2022-05-24 13:00:00","32",,
"300","32","35229","1","5","2","500","0","-1","0","100","2022-05-24 13:00:00","32",,
"301","32","35993","1","2","2","2500","0","-1","0","100","2022-05-24 13:00:00","32",,
"302","32","35660","1","1","2","3000","0","-1","0","100","2022-05-24 13:00:00","32",,
"303","32","35659","1","2","2","1000","0","-1","0","100","2022-05-24 13:00:00","32",,
"304","32","35023","2500",,"2","10","0","-1","0","9999","2022-05-24 13:00:00","32",,
"305","32","36122","1","130","2","50","0","-1","0","3","2022-05-24 13:00:00","32",,
"306","1","50444","1","28","2","500","1","250","0","22","2022-06-29 12:00:00",,"2022-06-29 12:00:00","33"
"307","33","35018","1","1","2","5000","0","-1","0","100","2022-06-29 12:00:00","33",,
"308","33","35820","1","5","2","1000","0","-1","0","100","2022-06-29 12:00:00","33",,
"309","33","35229","1","5","2","500","0","-1","0","100","2022-06-29 12:00:00","33",,
"310","33","35993","1","2","2","2500","0","-1","0","100","2022-06-29 12:00:00","33",,
"311","33","35653","1","1","2","3000","0","-1","0","100","2022-06-29 12:00:00","33",,
"312","33","35652","1","2","2","1000","0","-1","0","100","2022-06-29 12:00:00","33",,
"313","33","35023","2500",,"2","10","0","-1","0","9999","2022-06-29 12:00:00","33",,
"314","33","36122","1","130","2","50","0","-1","0","3","2022-06-29 12:00:00","33",,
"315","1","50445","1","28","2","500","1","250","0","21","2022-07-28 12:00:00",,"2022-07-28 12:00:00","34"
"316","34","35018","1","1","2","5000","0","-1","0","100","2022-07-28 12:00:00","34",,
"317","34","35820","1","5","2","1000","0","-1","0","100","2022-07-28 12:00:00","34",,
"318","34","35229","1","5","2","500","0","-1","0","100","2022-07-28 12:00:00","34",,
"319","34","35993","1","2","2","2500","0","-1","0","100","2022-07-28 12:00:00","34",,
"320","34","35646","1","1","2","3000","0","-1","0","100","2022-07-28 12:00:00","34",,
"321","34","35645","1","2","2","1000","0","-1","0","100","2022-07-28 12:00:00","34",,
"322","34","35023","2500",,"2","10","0","-1","0","9999","2022-07-28 12:00:00","34",,
"323","34","36122","1","130","2","50","0","-1","0","3","2022-07-28 12:00:00","34",,
"324","1","51014","1","28","2","500","1","250","0","20","2022-08-24 14:00:00",,"2022-08-24 14:00:00","35"
"325","35","35018","1","1","2","5000","0","-1","0","100","2022-08-24 14:00:00","35",,
"326","35","35820","1","5","2","1000","0","-1","0","100","2022-08-24 14:00:00","35",,
"327","35","35229","1","5","2","500","0","-1","0","100","2022-08-24 14:00:00","35",,
"328","35","35993","1","2","2","2500","0","-1","0","100","2022-08-24 14:00:00","35",,
"329","35","35660","1","1","2","3000","0","-1","0","100","2022-08-24 14:00:00","35",,
"330","35","35659","1","2","2","1000","0","-1","0","100","2022-08-24 14:00:00","35",,
"331","35","35023","2500",,"2","10","0","-1","0","9999","2022-08-24 14:00:00","35",,
"332","35","36122","1","135","2","50","0","-1","0","3","2022-08-24 14:00:00","35",,
"333","36","35018","1","1","2","5000","0","-1","0","100","2022-09-29 12:00:00","36",,
"334","36","35820","1","5","2","1000","0","-1","0","100","2022-09-29 12:00:00","36",,
"335","36","35229","1","5","2","500","0","-1","0","100","2022-09-29 12:00:00","36",,
"336","36","35993","1","2","2","2500","0","-1","0","100","2022-09-29 12:00:00","36",,
"337","36","35653","1","1","2","3000","0","-1","0","100","2022-09-29 12:00:00","36",,
"338","36","35652","1","2","2","1000","0","-1","0","100","2022-09-29 12:00:00","36",,
"339","36","35023","2500",,"2","10","0","-1","0","9999","2022-09-29 12:00:00","36",,
"340","36","36122","1","135","2","50","1","35","0","3","2022-09-29 12:00:00","36","2022-09-29 12:00:00","36"
"341","1","51321","1","28","2","500","1","250","0","19","2022-10-27 12:00:00",,"2022-10-27 12:00:00","37"
"342","37","35018","1","1","2","5000","0","-1","0","100","2022-10-27 12:00:00","37",,
"343","37","35820","1","5","2","1000","0","-1","0","100","2022-10-27 12:00:00","37",,
"344","37","35229","1","5","2","500","0","-1","0","100","2022-10-27 12:00:00","37",,
"345","37","35993","1","2","2","2500","0","-1","0","100","2022-10-27 12:00:00","37",,
"346","37","35646","1","1","2","3000","0","-1","0","100","2022-10-27 12:00:00","37",,
"347","37","35645","1","2","2","1000","0","-1","0","100","2022-10-27 12:00:00","37",,
"348","37","35023","2500",,"2","10","0","-1","0","9999","2022-10-27 12:00:00","37",,
"349","37","36122","1","135","2","50","0","-1","0","3","2022-10-27 12:00:00","37",,
"350","1","51324","1","28","2","500","1","250","0","18","2022-11-30 12:00:00",,"2022-11-30 12:00:00","38"
"351","38","35018","1","1","2","5000","0","-1","0","100","2022-11-30 12:00:00","38",,
"352","38","35820","1","5","2","1000","0","-1","0","100","2022-11-30 12:00:00","38",,
"353","38","35229","1","5","2","500","0","-1","0","100","2022-11-30 12:00:00","38",,
"354","38","35993","1","2","2","2500","0","-1","0","100","2022-11-30 12:00:00","38",,
"355","38","35660","1","1","2","3000","0","-1","0","100","2022-11-30 12:00:00","38",,
"356","38","35659","1","2","2","1000","0","-1","0","100","2022-11-30 12:00:00","38",,
"357","38","35023","2500",,"2","10","0","-1","0","9999","2022-11-30 12:00:00","38",,
"358","38","36122","1","135","2","50","0","-1","0","3","2022-11-30 12:00:00","38",,
"359","1","51326","1","28","2","500","1","250","0","17","2022-12-28 12:00:00",,"2022-12-28 12:00:00","39"
"360","39","35018","1","1","2","5000","0","-1","0","100","2022-12-28 12:00:00","39",,
"361","39","35820","1","5","2","1000","0","-1","0","100","2022-12-28 12:00:00","39",,
"362","39","35229","1","5","2","500","0","-1","0","100","2022-12-28 12:00:00","39",,
"363","39","35993","1","2","2","2500","0","-1","0","100","2022-12-28 12:00:00","39",,
"364","39","35653","1","1","2","3000","0","-1","0","100","2022-12-28 12:00:00","39",,
"365","39","35652","1","2","2","1000","0","-1","0","100","2022-12-28 12:00:00","39",,
"366","39","35023","2500",,"2","10","0","-1","0","9999","2022-12-28 12:00:00","39",,
"367","39","36122","1","135","2","50","0","-1","0","3","2022-12-28 12:00:00","39",,
"368","1","51328","1","28","2","500","1","250","0","16","2023-01-26 12:00:00",,"2023-01-26 12:00:00","40"
"369","40","35018","1","1","2","5000","0","-1","0","100","2023-01-26 12:00:00","40",,
"370","40","35820","1","5","2","1000","0","-1","0","100","2023-01-26 12:00:00","40",,
"371","40","35229","1","5","2","500","0","-1","0","100","2023-01-26 12:00:00","40",,
"372","40","35993","1","2","2","2500","0","-1","0","100","2023-01-26 12:00:00","40",,
"373","40","35646","1","1","2","3000","0","-1","0","100","2023-01-26 12:00:00","40",,
"374","40","35645","1","2","2","1000","0","-1","0","100","2023-01-26 12:00:00","40",,
"375","40","35023","2500",,"2","10","0","-1","0","9999","2023-01-26 12:00:00","40",,
"376","40","36122","1","135","2","50","0","-1","0","3","2023-01-26 12:00:00","40",,
"377","1","51604","1","28","2","500","1","250","0","15","2023-03-02 12:00:00",,"2023-03-02 12:00:00","41"
"378","41","35018","1","1","2","5000","0","-1","0","100","2023-03-02 12:00:00","41",,
"379","41","35820","1","5","2","1000","0","-1","0","100","2023-03-02 12:00:00","41",,
"380","41","35229","1","5","2","500","0","-1","0","100","2023-03-02 12:00:00","41",,
"381","41","35993","1","2","2","2500","0","-1","0","100","2023-03-02 12:00:00","41",,
"382","41","35660","1","1","2","3000","0","-1","0","100","2023-03-02 12:00:00","41",,
"383","41","35659","1","2","2","1000","0","-1","0","100","2023-03-02 12:00:00","41",,
"384","41","35023","2500",,"2","10","0","-1","0","9999","2023-03-02 12:00:00","41",,
"385","41","36122","1","140","2","50","0","-1","0","3","2023-03-02 12:00:00","41",,
"386","42","35018","1","1","2","5000","0","-1","0","100","2023-03-29 12:00:00","42",,
"387","42","35820","1","5","2","1000","0","-1","0","100","2023-03-29 12:00:00","42",,
"388","42","35229","1","5","2","500","0","-1","0","100","2023-03-29 12:00:00","42",,
"389","42","35993","1","2","2","2500","0","-1","0","100","2023-03-29 12:00:00","42",,
"390","42","35653","1","1","2","3000","0","-1","0","100","2023-03-29 12:00:00","42",,
"391","42","35652","1","2","2","1000","0","-1","0","100","2023-03-29 12:00:00","42",,
"392","42","35023","2500",,"2","10","0","-1","0","9999","2023-03-29 12:00:00","42",,
"393","42","36122","1","140","2","50","1","35","0","3","2023-03-29 12:00:00","42","2023-03-29 12:00:00","42"
"394","1","51608","1","28","2","500","1","250","0","14","2023-04-27 12:00:00",,"2023-04-27 12:00:00","43"
"395","43","35018","1","1","2","5000","0","-1","0","100","2023-04-27 12:00:00","43",,
"396","43","35820","1","5","2","1000","0","-1","0","100","2023-04-27 12:00:00","43",,
"397","43","35229","1","5","2","500","0","-1","0","100","2023-04-27 12:00:00","43",,
"398","43","35993","1","2","2","2500","0","-1","0","100","2023-04-27 12:00:00","43",,
"399","43","35646","1","1","2","3000","0","-1","0","100","2023-04-27 12:00:00","43",,
"400","43","35645","1","2","2","1000","0","-1","0","100","2023-04-27 12:00:00","43",,
"401","43","35023","2500",,"2","10","0","-1","0","9999","2023-04-27 12:00:00","43",,
"402","43","36122","1","140","2","50","0","-1","0","3","2023-04-27 12:00:00","43",,
"403","1","51935","1","28","2","500","1","250","0","13","2023-05-26 10:00:00",,"2023-05-26 10:00:00","44"
"404","44","35018","1","1","2","5000","0","-1","0","100","2023-05-26 10:00:00","44",,
"405","44","35820","1","5","2","1000","0","-1","0","100","2023-05-26 10:00:00","44",,
"406","44","35229","1","5","2","500","0","-1","0","100","2023-05-26 10:00:00","44",,
"407","44","35993","1","2","2","2500","0","-1","0","100","2023-05-26 10:00:00","44",,
"408","44","35660","1","1","2","3000","0","-1","0","100","2023-05-26 10:00:00","44",,
"409","44","35659","1","2","2","1000","0","-1","0","100","2023-05-26 10:00:00","44",,
"410","44","35023","2500",,"2","10","0","-1","0","9999","2023-05-26 10:00:00","44",,
"411","44","36122","1","140","2","50","0","-1","0","3","2023-05-26 10:00:00","44",,
"412","1","50411","1","28","2","500","1","250","0","12","2023-06-27 12:00:00",,"2023-06-27 12:00:00",
"413","45","35018","1","1","2","5000","0","-1","0","100","2023-06-27 12:00:00",,,
"414","45","35820","1","5","2","1000","0","-1","0","100","2023-06-27 12:00:00",,,
"415","45","35229","1","5","2","500","0","-1","0","100","2023-06-27 12:00:00",,,
"416","45","35993","1","2","2","2500","0","-1","0","100","2023-06-27 12:00:00",,,
"417","45","35653","1","1","2","3000","0","-1","0","100","2023-06-27 12:00:00",,,
"418","45","35652","1","2","2","1000","0","-1","0","100","2023-06-27 12:00:00",,,
"419","45","35023","2500",,"2","10","0","-1","0","9999","2023-06-27 12:00:00",,,
"420","45","36122","1","140","2","50","0","-1","0","3","2023-06-27 12:00:00",,,
