"1","35045","4",,,"250","100","6","0",
"2","35040","3",,,"250","100","6","0",
"3","35039","2",,,"250","100","6","0",
"4","35042","5",,,"250","100","6","0",
"5","35038","7",,,"250","100","6","0",
"6","35044","6",,,"250","100","6","0",
"7","35041","8",,,"250","100","6","0",
"8","35037","9",,,"250","100","6","0",
"9","35043","10",,,"250","100","6","0",
"10","35046","11",,,"250","100","6","0",
"11","35062","4",,,"500","100","8","0",
"12","35061","3",,,"500","100","8","0",
"13","35059","2",,,"500","100","8","0",
"14","35058","5",,,"500","100","8","0",
"15","35055","7",,,"500","100","8","0",
"16","35063","6",,,"500","100","8","0",
"17","35060","8",,,"500","100","8","0",
"18","35064","9",,,"500","100","8","0",
"19","35056","10",,,"500","100","8","0",
"20","35065","11",,,"500","100","8","0",
"21",,,"1","1","5","5","1","0",
"22",,,"1","2","5","15","1","0",
"23",,,"1","3","5","20","1","0",
"24",,,"1","4","5","40","2","0",
"25",,,"1","5","5","50","2","0",
"26",,,"2","1","20","8","3","0",
"27",,,"2","2","20","18","3","0",
"28",,,"2","3","20","24","3","0",
"29",,,"2","4","20","45","4","0",
"30",,,"2","5","20","56","4","0",
"31",,,"3","1","125","15","5","0",
"32",,,"3","2","125","25","5","0",
"33",,,"3","3","125","50","5","0",
"34",,,"3","4","125","60","6","0",
"35",,,"3","5","250","60","6","0",
"36",,,"4","1","250","30","7","0",
"37",,,"4","2","250","40","7","0",
"38",,,"4","3","250","80","7","0",
"39",,,"4","4","250","90","8","0",
"40",,,"4","5","500","100","8","0",
"41","35113",,,,"0","0","1","1000283",
"42","35114",,,,"0","0","1","1000284",
"43","35115",,,,"0","0","1","1000432",
"44","35116",,,,"0","100","9","0",
"45","35117",,,,"0","100","10","0",
"46","35122","12",,,"250","100","6","0",
"47","35123","12",,,"500","100","8","0",
"48","35139",,,,"0","0","1","1000490",
"49","585","2",,,"0","0","1","1000493",
"50","586","3",,,"0","0","1","1000499",
"51","587","4",,,"0","0","1","1000497",
"52","588","5",,,"0","0","1","1000495",
"53","589","6",,,"0","0","1","1000501",
"54","590","7",,,"0","0","1","1000503",
"55","591","8",,,"0","0","1","1000505",
"56","592","9",,,"0","0","1","1000507",
"57","593","10",,,"0","0","1","1000509",
"58","594","11",,,"0","0","1","1000511",
"59","595","12",,,"0","0","1","1000513",
"60","35166",,,,"0","0","1","1000516",
"61","35169",,,,"0","100","11","0",
"62","35170",,,,"0","100","12","0",
"63","35198",,,,"0","0","1","1000532",
"64","35179","13",,,"250","100","6","0",
"65","35180","13",,,"500","100","8","0",
"66","35230",,,,"0","0","1","1000588",
"67","35242",,,,"0","0","1","1000592",
"68","35253",,,,"0","100","13","0",
"69","35267",,,,"0","100","13","0",
"70","35243","14",,,"250","100","6","0",
"71","35244","14",,,"500","100","8","0",
"72","35273",,,,"1000","0","1","0",
"73","35274",,,,"0","0","1","1000646",
"74","35276",,,,"0","100","14","0","1"
"75","35279",,,,"0","100","15","0","2"
"76","35297",,,,"0","0","1","1000654",
"77","35309",,,,"0","0","1","1000657",
"78","35320",,,,"0","100","16","0",
"79","35321",,,,"0","100","16","0",
"80","35322",,,,"750","0","1","0",
"81","35324",,,,"0","100","17","0",
"82","35325",,,,"0","100","17","0",
"83","35326",,,,"750","0","1","0",
"84","35328",,,,"0","100","18","0","2"
"85","35313","15",,,"250","100","6","0",
"86","35314","15",,,"500","100","8","0",
"87","35336",,,,"0","0","1","1000673",
"88","35340",,,,"1000","0","1","0",
"89","35341",,,,"10000","0","1","0",
"90","35348",,,,"10000","0","1","0",
"91","35351",,,,"300","0","1","0",
"92","35395",,,,"0","0","1","1000717",
"93","35396",,,,"0","100","19","0","2"
"94","35397",,,,"0","100","20","0","2"
"95","35412",,,,"20000","0","1","0",
"96","35447",,,,"0","100","21","0",
"97","35446",,,,"0","100","22","0","1"
"98","35451",,,,"0","0","1","1000735",
"99","35452",,,,"0","100","23","0","2"
"100","35458","16",,,"250","100","6","0",
"101","35459","16",,,"500","100","8","0",
"102","35460",,,,"0","100","24","0",
"103","35461",,,,"0","0","1","1000781",
"104","35518",,,,"0","100","25","0",
"105","35532",,,,"1000","0","1","0",
"106","35548",,,,"0","100","26","0",
"107","35547",,,,"0","100","27","0",
"108","35555",,,,"0","0","1","1000830",
"109","35571",,,,"0","0","1","1000835",
"110","35590",,,,"0","100","28","0","1"
"111","35591",,,,"0","100","29","0","2"
"112","35607","2",,,"0","100","30","0",
"113","35608","3",,,"0","100","31","0",
"114","35609","4",,,"0","100","32","0",
"115","35610","5",,,"0","100","33","0",
"116","35611","6",,,"0","100","34","0",
"117","35612","7",,,"0","100","35","0",
"118","35613","8",,,"0","100","36","0",
"119","35614","9",,,"0","100","37","0",
"120","35615","10",,,"0","100","38","0",
"121","35616","11",,,"0","100","39","0",
"122","35617","12",,,"0","100","40","0",
"123","35618","13",,,"0","100","41","0",
"124","35619","14",,,"0","100","42","0",
"125","35620","15",,,"0","100","43","0",
"126","35621","16",,,"0","100","44","0",
"127","35627",,,,"0","0","1","1000847",
"128","35633",,,,"0","100","45","0",
"129","35673",,,,"0","0","1","1000866",
"130","35689","17",,,"250","100","6","0",
"131","35690","17",,,"500","100","8","0",
"132","35670",,,,"1000","0","1","0",
"133","35696","15",,,"0","0","1","0",
"134","35697","15",,,"0","0","1","0",
"135","35705",,,,"1000","0","1","0",
"136","35704",,,,"10000","0","1","0",
"137","35709",,,,"0","0","1","1000946",
"138","35710",,,,"0","0","1","1000956",
"139","35728",,,,"0","0","1","1000964",
"140","35751",,,,"0","100","46","0","1"
"141","35752","2",,,"0","100","47","0","2"
"142","35752","3",,,"0","100","48","0","2"
"143","35752","4",,,"0","100","49","0","2"
"144","35752","5",,,"0","100","50","0","2"
"145","35752","6",,,"0","100","51","0","2"
"146","35752","7",,,"0","100","52","0","2"
"147","35752","8",,,"0","100","53","0","2"
"148","35752","9",,,"0","100","54","0","2"
"149","35752","10",,,"0","100","55","0","2"
"150","35752","11",,,"0","100","56","0","2"
"151","35752","12",,,"0","100","57","0","2"
"152","35752","13",,,"0","100","58","0","2"
"153","35752","14",,,"0","100","59","0","2"
"154","35752","15",,,"0","100","60","0","2"
"155","35752","16",,,"0","100","61","0","2"
"156","35752","17",,,"0","100","62","0","2"
"157","35729",,,,"0","0","1","1000965",
"158","35776",,,,"1400","0","1","0",
"159","35730",,,,"0","0","1","1001019",
"160","35799",,,,"1000","0","1","0",
"161","35816",,,,"0","100","63","0",
"162","35817",,,,"0","100","64","0",
"163","35818",,,,"0","100","65","0",
"164","35819",,,,"5000","0","1","0",
"165","35823",,,,"0","100","66","0","1"
"166","35824","2",,,"0","100","67","0","2"
"167","35824","3",,,"0","100","68","0","2"
"168","35824","4",,,"0","100","69","0","2"
"169","35824","5",,,"0","100","70","0","2"
"170","35824","6",,,"0","100","71","0","2"
"171","35824","7",,,"0","100","72","0","2"
"172","35824","8",,,"0","100","73","0","2"
"173","35824","9",,,"0","100","74","0","2"
"174","35824","10",,,"0","100","75","0","2"
"175","35824","11",,,"0","100","76","0","2"
"176","35824","12",,,"0","100","77","0","2"
"177","35824","13",,,"0","100","78","0","2"
"178","35824","14",,,"0","100","79","0","2"
"179","35824","15",,,"0","100","80","0","2"
"180","35824","16",,,"0","100","81","0","2"
"181","35824","17",,,"0","100","82","0","2"
"182","35731",,,,"0","0","1","1001045",
"183","35855","18",,,"250","100","6","0",
"184","35856","18",,,"500","100","8","0",
"185","35732",,,,"0","0","1","1001061",
"186","35848",,,,"5000","0","1","0",
"187","35860",,,,"0","0","1","1001070",
"188","35898",,,,"0","100","83","0","1"
"189","35899","2",,,"0","100","84","0","2"
"190","35899","3",,,"0","100","85","0","2"
"191","35899","4",,,"0","100","86","0","2"
"192","35899","5",,,"0","100","87","0","2"
"193","35899","6",,,"0","100","88","0","2"
"194","35899","7",,,"0","100","89","0","2"
"195","35899","8",,,"0","100","90","0","2"
"196","35899","9",,,"0","100","91","0","2"
"197","35899","10",,,"0","100","92","0","2"
"198","35899","11",,,"0","100","93","0","2"
"199","35899","12",,,"0","100","94","0","2"
"200","35899","13",,,"0","100","95","0","2"
"201","35899","14",,,"0","100","96","0","2"
"202","35899","15",,,"0","100","97","0","2"
"203","35899","16",,,"0","100","98","0","2"
"204","35899","17",,,"0","100","99","0","2"
"205","35899","18",,,"0","100","100","0","2"
"206","35861",,,,"0","0","1","1001071",
"207","35919",,,,"1000","0","1","0",
"208","35862",,,,"0","0","1","1001113",
"209","35921",,,,"0","100","101","0","1"
"210","35922",,,,"0","100","102","0","2"
"211","35933","2",,,"1000","100","103","0",
"212","35933","3",,,"1000","100","104","0",
"213","35933","4",,,"1000","100","105","0",
"214","35933","5",,,"1000","100","106","0",
"215","35933","6",,,"1000","100","107","0",
"216","35933","7",,,"1000","100","108","0",
"217","35933","8",,,"1000","100","109","0",
"218","35933","9",,,"1000","100","110","0",
"219","35933","10",,,"1000","100","111","0",
"220","35933","11",,,"1000","100","112","0",
"221","35933","12",,,"1000","100","113","0",
"222","35933","13",,,"1000","100","114","0",
"223","35933","14",,,"1000","100","115","0",
"224","35933","15",,,"1000","100","116","0",
"225","35933","16",,,"1000","100","117","0",
"226","35933","17",,,"1000","100","118","0",
"227","35933","18",,,"1000","100","119","0",
"228","35955","19",,,"250","100","6","0",
"229","35956","19",,,"500","100","8","0",
"230","35969",,,,"5000","0","1","0",
"231","35883",,,,"0","0","1","1001140",
"232","35972","2",,,"0","100","120","0",
"233","35972","3",,,"0","100","121","0",
"234","35972","4",,,"0","100","122","0",
"235","35972","5",,,"0","100","123","0",
"236","35972","6",,,"0","100","124","0",
"237","35972","7",,,"0","100","125","0",
"238","35972","8",,,"0","100","126","0",
"239","35972","9",,,"0","100","127","0",
"240","35972","10",,,"0","100","128","0",
"241","35972","11",,,"0","100","129","0",
"242","35972","12",,,"0","100","130","0",
"243","35972","13",,,"0","100","131","0",
"244","35972","14",,,"0","100","132","0",
"245","35972","15",,,"0","100","133","0",
"246","35972","16",,,"0","100","134","0",
"247","35972","17",,,"0","100","135","0",
"248","35972","18",,,"0","100","136","0",
"249","35973","2",,,"0","100","137","0",
"250","35973","3",,,"0","100","138","0",
"251","35973","4",,,"0","100","139","0",
"252","35973","5",,,"0","100","140","0",
"253","35973","6",,,"0","100","141","0",
"254","35973","7",,,"0","100","142","0",
"255","35973","8",,,"0","100","143","0",
"256","35973","9",,,"0","100","144","0",
"257","35973","10",,,"0","100","145","0",
"258","35973","11",,,"0","100","146","0",
"259","35973","12",,,"0","100","147","0",
"260","35973","13",,,"0","100","148","0",
"261","35973","14",,,"0","100","149","0",
"262","35973","15",,,"0","100","150","0",
"263","35973","16",,,"0","100","151","0",
"264","35973","17",,,"0","100","152","0",
"265","35973","18",,,"0","100","153","0",
"266","35974","2",,,"0","100","154","0",
"267","35974","3",,,"0","100","155","0",
"268","35974","4",,,"0","100","156","0",
"269","35974","5",,,"0","100","157","0",
"270","35974","6",,,"0","100","158","0",
"271","35974","7",,,"0","100","159","0",
"272","35974","8",,,"0","100","160","0",
"273","35974","9",,,"0","100","161","0",
"274","35974","10",,,"0","100","162","0",
"275","35974","11",,,"0","100","163","0",
"276","35974","12",,,"0","100","164","0",
"277","35974","13",,,"0","100","165","0",
"278","35974","14",,,"0","100","166","0",
"279","35974","15",,,"0","100","167","0",
"280","35974","16",,,"0","100","168","0",
"281","35974","17",,,"0","100","169","0",
"282","35974","18",,,"0","100","170","0",
"283","1723",,,,"0","0","1","0",
"284","35993",,,,"5000","0","1","0",
"285","35884",,,,"0","0","1","1001149",
"286","35999",,,,"5000","0","1","0",
"287","36004","2",,,"0","100","171","0","2"
"288","36004","3",,,"0","100","172","0","2"
"289","36004","4",,,"0","100","173","0","2"
"290","36004","5",,,"0","100","174","0","2"
"291","36004","6",,,"0","100","175","0","2"
"292","36004","7",,,"0","100","176","0","2"
"293","36004","8",,,"0","100","177","0","2"
"294","36004","9",,,"0","100","178","0","2"
"295","36004","10",,,"0","100","179","0","2"
"296","36004","11",,,"0","100","180","0","2"
"297","36004","12",,,"0","100","181","0","2"
"298","36004","13",,,"0","100","182","0","2"
"299","36004","14",,,"0","100","183","0","2"
"300","36004","15",,,"0","100","184","0","2"
"301","36004","16",,,"0","100","185","0","2"
"302","36004","17",,,"0","100","186","0","2"
"303","36004","18",,,"0","100","187","0","2"
"304","36004","19",,,"0","100","188","0","2"
"305","36011",,,,"0","100","189","0","2"
"306","35885",,,,"0","0","1","1001166",
"307","36040",,,,"0","100","190","0","3"
"308","36041",,,,"0","100","191","0","3"
"309","36042",,,,"0","100","192","0","3"
"310","36043",,,,"0","100","193","0","3"
"311","36077",,,,"1000","0","1","0",
"312","36083",,,,"5000","0","1","0",
"313","36084",,,,"5000","0","1","0",
"314","36085",,,,"5000","0","1","0",
"315","36086",,,,"5000","0","1","0",
"316","36078",,,,"0","100","194","0",
"317","36079",,,,"0","100","194","0",
"318","36080",,,,"0","100","194","0",
"319","36081",,,,"0","100","194","0",
"320","36082",,,,"0","100","194","0",
"321","36105",,,,"0","0","1","1001216",
"322","36106",,,,"0","0","1","1001220",
"323","36123",,,,"0","100","195","0",
"324","36125",,,,"0","100","196","0","4"
"325","36130","2",,,"0","100","197","0","4"
"326","36130","3",,,"0","100","198","0","4"
"327","36130","4",,,"0","100","199","0","4"
"328","36130","5",,,"0","100","200","0","4"
"329","36130","6",,,"0","100","201","0","4"
"330","36130","7",,,"0","100","202","0","4"
"331","36130","8",,,"0","100","203","0","4"
"332","36130","9",,,"0","100","204","0","4"
"333","36130","10",,,"0","100","205","0","4"
"334","36130","11",,,"0","100","206","0","4"
"335","36130","12",,,"0","100","207","0","4"
"336","36130","13",,,"0","100","208","0","4"
"337","36130","14",,,"0","100","209","0","4"
"338","36130","15",,,"0","100","210","0","4"
"339","36130","16",,,"0","100","211","0","4"
"340","36130","17",,,"0","100","212","0","4"
"341","36130","18",,,"0","100","213","0","4"
"342","36130","19",,,"0","100","214","0","4"
"343","36107",,,,"0","0","1","1001230",
"344","36134",,,,"5000","0","1","0",
"345","36142","2",,,"0","100","215","0","5"
"346","36142","3",,,"0","100","216","0","5"
"347","36142","4",,,"0","100","217","0","5"
"348","36142","5",,,"0","100","218","0","5"
"349","36142","6",,,"0","100","219","0","5"
"350","36142","7",,,"0","100","220","0","5"
"351","36142","8",,,"0","100","221","0","5"
"352","36142","9",,,"0","100","222","0","5"
"353","36142","10",,,"0","100","223","0","5"
"354","36142","11",,,"0","100","224","0","5"
"355","36142","12",,,"0","100","225","0","5"
"356","36142","13",,,"0","100","226","0","5"
"357","36142","14",,,"0","100","227","0","5"
"358","36142","15",,,"0","100","228","0","5"
"359","36142","16",,,"0","100","229","0","5"
"360","36142","17",,,"0","100","230","0","5"
"361","36142","18",,,"0","100","231","0","5"
"362","36142","19",,,"0","100","232","0","5"
"363","36143","2",,,"0","100","233","0","5"
"364","36143","3",,,"0","100","234","0","5"
"365","36143","4",,,"0","100","235","0","5"
"366","36143","5",,,"0","100","236","0","5"
"367","36143","6",,,"0","100","237","0","5"
"368","36143","7",,,"0","100","238","0","5"
"369","36143","8",,,"0","100","239","0","5"
"370","36143","9",,,"0","100","240","0","5"
"371","36143","10",,,"0","100","241","0","5"
"372","36143","11",,,"0","100","242","0","5"
"373","36143","12",,,"0","100","243","0","5"
"374","36143","13",,,"0","100","244","0","5"
"375","36143","14",,,"0","100","245","0","5"
"376","36143","15",,,"0","100","246","0","5"
"377","36143","16",,,"0","100","247","0","5"
"378","36143","17",,,"0","100","248","0","5"
"379","36143","18",,,"0","100","249","0","5"
"380","36143","19",,,"0","100","250","0","5"
"381","36144","2",,,"0","100","251","0","5"
"382","36144","3",,,"0","100","252","0","5"
"383","36144","4",,,"0","100","253","0","5"
"384","36144","5",,,"0","100","254","0","5"
"385","36144","6",,,"0","100","255","0","5"
"386","36144","7",,,"0","100","256","0","5"
"387","36144","8",,,"0","100","257","0","5"
"388","36144","9",,,"0","100","258","0","5"
"389","36144","10",,,"0","100","259","0","5"
"390","36144","11",,,"0","100","260","0","5"
"391","36144","12",,,"0","100","261","0","5"
"392","36144","13",,,"0","100","262","0","5"
"393","36144","14",,,"0","100","263","0","5"
"394","36144","15",,,"0","100","264","0","5"
"395","36144","16",,,"0","100","265","0","5"
"396","36144","17",,,"0","100","266","0","5"
"397","36144","18",,,"0","100","267","0","5"
"398","36144","19",,,"0","100","268","0","5"
"399","36109",,,,"0","0","1","1001256",
"400","36108",,,,"0","0","1","1001260",
"401","36145",,,,"1000","100","269","0",
"402","36153","20",,,"250","100","6","0",
"403","36154","20",,,"500","100","8","0",
"404","36166",,,,"5000","0","1","0",
"405","36110",,,,"0","0","1","1001269",
"406","36111",,,,"0","0","1","1001272",
"407","36219",,,,"5000","0","1","0",
"408","36112",,,,"0","0","1","1001281",
"409","36226",,,,"0","100","270","0","1"
"410","36227","2",,,"0","100","271","0","2"
"411","36227","3",,,"0","100","272","0","2"
"412","36227","4",,,"0","100","273","0","2"
"413","36227","5",,,"0","100","274","0","2"
"414","36227","6",,,"0","100","275","0","2"
"415","36227","7",,,"0","100","276","0","2"
"416","36227","8",,,"0","100","277","0","2"
"417","36227","9",,,"0","100","278","0","2"
"418","36227","10",,,"0","100","279","0","2"
"419","36227","11",,,"0","100","280","0","2"
"420","36227","12",,,"0","100","281","0","2"
"421","36227","13",,,"0","100","282","0","2"
"422","36227","14",,,"0","100","283","0","2"
"423","36227","15",,,"0","100","284","0","2"
"424","36227","16",,,"0","100","285","0","2"
"425","36227","17",,,"0","100","286","0","2"
"426","36227","18",,,"0","100","287","0","2"
"427","36227","19",,,"0","100","288","0","2"
"428","36227","20",,,"0","100","289","0","2"
"429","36255",,,,"5000","0","1","0",
"430","36113",,,,"0","0","1","1001286",
"431","36260",,,,"1000","0","1","0",
"432","36114",,,,"0","0","1","1001316",
"433","36277",,,,"1000","100","290","0",
"434","36293",,,,"0","100","291","0","1"
"435","36294","2",,,"0","100","292","0","2"
"436","36294","3",,,"0","100","293","0","2"
"437","36294","4",,,"0","100","294","0","2"
"438","36294","5",,,"0","100","295","0","2"
"439","36294","6",,,"0","100","296","0","2"
"440","36294","7",,,"0","100","297","0","2"
"441","36294","8",,,"0","100","298","0","2"
"442","36294","9",,,"0","100","299","0","2"
"443","36294","10",,,"0","100","300","0","2"
"444","36294","11",,,"0","100","301","0","2"
"445","36294","12",,,"0","100","302","0","2"
"446","36294","13",,,"0","100","303","0","2"
"447","36294","14",,,"0","100","304","0","2"
"448","36294","15",,,"0","100","305","0","2"
"449","36294","16",,,"0","100","306","0","2"
"450","36294","17",,,"0","100","307","0","2"
"451","36294","18",,,"0","100","308","0","2"
"452","36294","19",,,"0","100","309","0","2"
"453","36294","20",,,"0","100","310","0","2"
"454","36283","21",,,"250","100","6","0",
"455","36284","21",,,"500","100","8","0",
"456","36305",,,,"5000","0","1","0",
"457","36334",,,,"1000","0","1","0",
"458","36115",,,,"0","0","1","1001363",
"459","36212",,,,"0","0","1","1001365",
"460","36116",,,,"0","0","1","1001369",
"461","36349",,,,"5000","0","1","0",
"462","36117",,,,"0","0","1","1001382",
"463","36361","2",,,"0","100","311","0",
"464","36361","3",,,"0","100","312","0",
"465","36361","4",,,"0","100","313","0",
"466","36361","5",,,"0","100","314","0",
"467","36361","6",,,"0","100","315","0",
"468","36361","7",,,"0","100","316","0",
"469","36361","8",,,"0","100","317","0",
"470","36361","9",,,"0","100","318","0",
"471","36361","10",,,"0","100","319","0",
"472","36361","11",,,"0","100","320","0",
"473","36361","12",,,"0","100","321","0",
"474","36361","13",,,"0","100","322","0",
"475","36361","14",,,"0","100","323","0",
"476","36361","15",,,"0","100","324","0",
"477","36361","16",,,"0","100","325","0",
"478","36361","17",,,"0","100","326","0",
"479","36361","18",,,"0","100","327","0",
"480","36361","19",,,"0","100","328","0",
"481","36361","20",,,"0","100","329","0",
"482","36361","21",,,"0","100","330","0",
"483","36362",,,,"0","100","331","0","1"
"484","36363",,,,"0","100","332","0","2"
"485","36364","2",,,"0","100","333","0","2"
"486","36364","3",,,"0","100","334","0","2"
"487","36364","4",,,"0","100","335","0","2"
"488","36364","5",,,"0","100","336","0","2"
"489","36364","6",,,"0","100","337","0","2"
"490","36364","7",,,"0","100","338","0","2"
"491","36364","8",,,"0","100","339","0","2"
"492","36364","9",,,"0","100","340","0","2"
"493","36364","10",,,"0","100","341","0","2"
"494","36364","11",,,"0","100","342","0","2"
"495","36364","12",,,"0","100","343","0","2"
"496","36364","13",,,"0","100","344","0","2"
"497","36364","14",,,"0","100","345","0","2"
"498","36364","15",,,"0","100","346","0","2"
"499","36364","16",,,"0","100","347","0","2"
"500","36364","17",,,"0","100","348","0","2"
"501","36364","18",,,"0","100","349","0","2"
"502","36364","19",,,"0","100","350","0","2"
"503","36364","20",,,"0","100","351","0","2"
"504","36364","21",,,"0","100","352","0","2"
"505","36365",,,,"0","100","353","0","2"
"506","36118",,,,"0","0","1","1001386",
"507","36366",,,,"1000","0","1","0",
"508","36119",,,,"0","0","1","1001443",
"509","36291",,,,"0","0","1","1001447",
"510","36427","2",,,"1000","100","354","0",
"511","36427","3",,,"1000","100","355","0",
"512","36427","4",,,"1000","100","356","0",
"513","36427","5",,,"1000","100","357","0",
"514","36427","6",,,"1000","100","358","0",
"515","36427","7",,,"1000","100","359","0",
"516","36427","8",,,"1000","100","360","0",
"517","36427","9",,,"1000","100","361","0",
"518","36427","10",,,"1000","100","362","0",
"519","36427","11",,,"1000","100","363","0",
"520","36427","12",,,"1000","100","364","0",
"521","36427","13",,,"1000","100","365","0",
"522","36427","14",,,"1000","100","366","0",
"523","36427","15",,,"1000","100","367","0",
"524","36427","16",,,"1000","100","368","0",
"525","36427","17",,,"1000","100","369","0",
"526","36427","18",,,"1000","100","370","0",
"527","36427","19",,,"1000","100","371","0",
"528","36427","20",,,"1000","100","372","0",
"529","36427","21",,,"1000","100","373","0",
"530","36436",,,,"0","100","374","0",
"531","36437",,,,"0","100","375","0",
"532","36438",,,,"0","100","376","0",
"533","36439",,,,"0","100","377","0",
"534","36441",,,,"0","100","378","0",
"535","36479",,,,"0","0","1","1001473",
"536","36478","6",,,"0","0","1","1001474",
"537","36480",,,,"0","0","1","1001498",
"538","36503","7",,,"0","0","1","1001499",
"539","36529",,,,"10000","0","1","0",
"540","36530",,,,"10000","0","1","0",
"541","36531",,,,"10000","0","1","0",
"542","36537","22",,,"250","100","6","0",
"543","36538","22",,,"500","100","8","0",
"544","36548","2",,,"0","100","379","0","2"
"545","36548","3",,,"0","100","380","0","2"
"546","36548","4",,,"0","100","381","0","2"
"547","36548","5",,,"0","100","382","0","2"
"548","36548","6",,,"0","100","383","0","2"
"549","36548","7",,,"0","100","384","0","2"
"550","36548","8",,,"0","100","385","0","2"
"551","36548","9",,,"0","100","386","0","2"
"552","36548","10",,,"0","100","387","0","2"
"553","36548","11",,,"0","100","388","0","2"
"554","36548","12",,,"0","100","389","0","2"
"555","36548","13",,,"0","100","390","0","2"
"556","36548","14",,,"0","100","391","0","2"
"557","36548","15",,,"0","100","392","0","2"
"558","36548","16",,,"0","100","393","0","2"
"559","36548","17",,,"0","100","394","0","2"
"560","36548","18",,,"0","100","395","0","2"
"561","36548","19",,,"0","100","396","0","2"
"562","36548","20",,,"0","100","397","0","2"
"563","36548","21",,,"0","100","398","0","2"
"564","36553","2",,,"0","100","399","0","2"
"565","36553","3",,,"0","100","400","0","2"
"566","36553","4",,,"0","100","401","0","2"
"567","36553","5",,,"0","100","402","0","2"
"568","36553","6",,,"0","100","403","0","2"
"569","36553","7",,,"0","100","404","0","2"
"570","36553","8",,,"0","100","405","0","2"
"571","36553","9",,,"0","100","406","0","2"
"572","36553","10",,,"0","100","407","0","2"
"573","36553","11",,,"0","100","408","0","2"
"574","36553","12",,,"0","100","409","0","2"
"575","36553","13",,,"0","100","410","0","2"
"576","36553","14",,,"0","100","411","0","2"
"577","36553","15",,,"0","100","412","0","2"
"578","36553","16",,,"0","100","413","0","2"
"579","36553","17",,,"0","100","414","0","2"
"580","36553","18",,,"0","100","415","0","2"
"581","36553","19",,,"0","100","416","0","2"
"582","36553","20",,,"0","100","417","0","2"
"583","36553","21",,,"0","100","418","0","2"
"584","36597",,,,"0","100","419","0",
"585","36559",,,,"0","100","420","0",
"586","36598",,,,"200","100","421","0","6"
"587","36599",,,,"200","100","422","0","6"
"588","36600",,,,"200","100","423","0","6"
"589","36481",,,,"0","0","1","1001528",
"590","36518","18",,,"0","0","1","1001529",
"591","36610",,,,"1000","0","1","0",
"592","36616",,,,"5000","0","1","0",
"593","36617",,,,"5000","0","1","0",
"594","36618",,,,"5000","0","1","0",
"595","36611",,,,"0","100","194","0",
"596","36612",,,,"0","100","194","0",
"597","36613",,,,"0","100","194","0",
"598","36614",,,,"0","100","194","0",
"599","36615",,,,"0","100","194","0",
"600","36625","2",,,"0","100","424","0",
"601","36625","3",,,"0","100","425","0",
"602","36625","4",,,"0","100","426","0",
"603","36625","5",,,"0","100","427","0",
"604","36625","6",,,"0","100","428","0",
"605","36625","7",,,"0","100","429","0",
"606","36625","8",,,"0","100","430","0",
"607","36625","9",,,"0","100","431","0",
"608","36625","10",,,"0","100","432","0",
"609","36625","11",,,"0","100","433","0",
"610","36625","12",,,"0","100","434","0",
"611","36625","13",,,"0","100","435","0",
"612","36625","14",,,"0","100","436","0",
"613","36625","15",,,"0","100","437","0",
"614","36625","16",,,"0","100","438","0",
"615","36625","17",,,"0","100","439","0",
"616","36625","18",,,"0","100","440","0",
"617","36625","19",,,"0","100","441","0",
"618","36625","20",,,"0","100","442","0",
"619","36625","21",,,"0","100","443","0",
"620","36625","22",,,"0","100","444","0",
"621","36482",,,,"0","0","1","1001536",
"622","36504","10",,,"0","0","1","1001537",
"623","36649","2",,,"0","100","445","0","2"
"624","36649","3",,,"0","100","446","0","2"
"625","36649","4",,,"0","100","447","0","2"
"626","36649","5",,,"0","100","448","0","2"
"627","36649","6",,,"0","100","449","0","2"
"628","36649","7",,,"0","100","450","0","2"
"629","36649","8",,,"0","100","451","0","2"
"630","36649","9",,,"0","100","452","0","2"
"631","36649","10",,,"0","100","453","0","2"
"632","36649","11",,,"0","100","454","0","2"
"633","36649","12",,,"0","100","455","0","2"
"634","36649","13",,,"0","100","456","0","2"
"635","36649","14",,,"0","100","457","0","2"
"636","36649","15",,,"0","100","458","0","2"
"637","36649","16",,,"0","100","459","0","2"
"638","36649","17",,,"0","100","460","0","2"
"639","36649","18",,,"0","100","461","0","2"
"640","36649","19",,,"0","100","462","0","2"
"641","36649","20",,,"0","100","463","0","2"
"642","36649","21",,,"0","100","464","0","2"
"643","36649","22",,,"0","100","465","0","2"
"644","36483",,,,"0","0","1","1001539",
"645","36505","15",,,"0","0","1","1001540",
"646","36656",,,,"2000","0","1","0",
"647","36484",,,,"0","0","1","1001581",
"648","36506","2",,,"0","0","1","1001582",
"649","36653",,,,"0","100","378","0",
"650","36658",,,,"0","100","466","0",
"651","36659",,,,"0","100","467","0",
"652","36660",,,,"0","100","468","0",
"653","36661",,,,"0","100","466","0",
"654","36662",,,,"0","100","467","0",
"655","36663",,,,"0","100","468","0",
"656","36664",,,,"0","0","1","0",
"657","36665",,,,"0","0","1","0",
"658","36666",,,,"0","0","1","0",
"659","36703","23",,,"250","100","6","0",
"660","36704","23",,,"500","100","8","0",
"661","36713",,,,"0","100","469","0","1"
"662","36714","2",,,"0","100","470","0","2"
"663","36714","3",,,"0","100","471","0","2"
"664","36714","4",,,"0","100","472","0","2"
"665","36714","5",,,"0","100","473","0","2"
"666","36714","6",,,"0","100","474","0","2"
"667","36714","7",,,"0","100","475","0","2"
"668","36714","8",,,"0","100","476","0","2"
"669","36714","9",,,"0","100","477","0","2"
"670","36714","10",,,"0","100","478","0","2"
"671","36714","11",,,"0","100","479","0","2"
"672","36714","12",,,"0","100","480","0","2"
"673","36714","13",,,"0","100","481","0","2"
"674","36714","14",,,"0","100","482","0","2"
"675","36714","15",,,"0","100","483","0","2"
"676","36714","16",,,"0","100","484","0","2"
"677","36714","17",,,"0","100","485","0","2"
"678","36714","18",,,"0","100","486","0","2"
"679","36714","19",,,"0","100","487","0","2"
"680","36714","20",,,"0","100","488","0","2"
"681","36714","21",,,"0","100","489","0","2"
"682","36714","22",,,"0","100","490","0","2"
"683","36486",,,,"0","0","1","1001620",
"684","36507","3",,,"0","0","1","1001621",
"685","36485",,,,"0","0","1","1001631",
"686","36519","19",,,"0","0","1","1001632",
"687","36727","2",,,"0","100","491","0",
"688","36727","3",,,"0","100","492","0",
"689","36727","4",,,"0","100","493","0",
"690","36727","5",,,"0","100","494","0",
"691","36727","6",,,"0","100","495","0",
"692","36727","7",,,"0","100","496","0",
"693","36727","8",,,"0","100","497","0",
"694","36727","9",,,"0","100","498","0",
"695","36727","10",,,"0","100","499","0",
"696","36727","11",,,"0","100","500","0",
"697","36727","12",,,"0","100","501","0",
"698","36727","13",,,"0","100","502","0",
"699","36727","14",,,"0","100","503","0",
"700","36727","15",,,"0","100","504","0",
"701","36727","16",,,"0","100","505","0",
"702","36727","17",,,"0","100","506","0",
"703","36727","18",,,"0","100","507","0",
"704","36727","19",,,"0","100","508","0",
"705","36727","20",,,"0","100","509","0",
"706","36727","21",,,"0","100","510","0",
"707","36727","22",,,"0","100","511","0",
"708","36727","23",,,"0","100","512","0",
"709","36730",,,,"0","100","513","0","1"
"710","36731","2",,,"0","100","514","0","2"
"711","36731","3",,,"0","100","515","0","2"
"712","36731","4",,,"0","100","516","0","2"
"713","36731","5",,,"0","100","517","0","2"
"714","36731","6",,,"0","100","518","0","2"
"715","36731","7",,,"0","100","519","0","2"
"716","36731","8",,,"0","100","520","0","2"
"717","36731","9",,,"0","100","521","0","2"
"718","36731","10",,,"0","100","522","0","2"
"719","36731","11",,,"0","100","523","0","2"
"720","36731","12",,,"0","100","524","0","2"
"721","36731","13",,,"0","100","525","0","2"
"722","36731","14",,,"0","100","526","0","2"
"723","36731","15",,,"0","100","527","0","2"
"724","36731","16",,,"0","100","528","0","2"
"725","36731","17",,,"0","100","529","0","2"
"726","36731","18",,,"0","100","530","0","2"
"727","36731","19",,,"0","100","531","0","2"
"728","36731","20",,,"0","100","532","0","2"
"729","36731","21",,,"0","100","533","0","2"
"730","36731","22",,,"0","100","534","0","2"
"731","36731","23",,,"0","100","535","0","2"
"732","36710",,,,"0","0","1","1001641",
"733","36737","23",,,"0","0","1","1001642",
"734","36487",,,,"0","0","1","1001648",
"735","36508","14",,,"0","0","1","1001649",
"736","36488",,,,"0","0","1","1001652",
"737","36509","16",,,"0","0","1","1001653",
"738","36750","2",,,"0","100","536","0",
"739","36750","3",,,"0","100","537","0",
"740","36750","4",,,"0","100","538","0",
"741","36750","5",,,"0","100","539","0",
"742","36750","6",,,"0","100","540","0",
"743","36750","7",,,"0","100","541","0",
"744","36750","8",,,"0","100","542","0",
"745","36750","9",,,"0","100","543","0",
"746","36750","10",,,"0","100","544","0",
"747","36750","11",,,"0","100","545","0",
"748","36750","12",,,"0","100","546","0",
"749","36750","13",,,"0","100","547","0",
"750","36750","14",,,"0","100","548","0",
"751","36750","15",,,"0","100","549","0",
"752","36750","16",,,"0","100","550","0",
"753","36750","17",,,"0","100","551","0",
"754","36750","18",,,"0","100","552","0",
"755","36750","19",,,"0","100","553","0",
"756","36750","20",,,"0","100","554","0",
"757","36750","21",,,"0","100","555","0",
"758","36750","22",,,"0","100","556","0",
"759","36750","23",,,"0","100","557","0",
"760","36768","2",,,"0","100","536","0",
"761","36768","3",,,"0","100","537","0",
"762","36768","4",,,"0","100","538","0",
"763","36768","5",,,"0","100","539","0",
"764","36768","6",,,"0","100","540","0",
"765","36768","7",,,"0","100","541","0",
"766","36768","8",,,"0","100","542","0",
"767","36768","9",,,"0","100","543","0",
"768","36768","10",,,"0","100","544","0",
"769","36768","11",,,"0","100","545","0",
"770","36768","12",,,"0","100","546","0",
"771","36768","13",,,"0","100","547","0",
"772","36768","14",,,"0","100","548","0",
"773","36768","15",,,"0","100","549","0",
"774","36768","16",,,"0","100","550","0",
"775","36768","17",,,"0","100","551","0",
"776","36768","18",,,"0","100","552","0",
"777","36768","19",,,"0","100","553","0",
"778","36768","20",,,"0","100","554","0",
"779","36768","21",,,"0","100","555","0",
"780","36768","22",,,"0","100","556","0",
"781","36768","23",,,"0","100","557","0",
"782","36489",,,,"0","0","1","1001658",
"783","36510","8",,,"0","0","1","1001659",
"784","36776",,,,"0","100","558","0","2"
"785","36780","2",,,"0","100","559","0","2"
"786","36780","3",,,"0","100","560","0","2"
"787","36780","4",,,"0","100","561","0","2"
"788","36780","5",,,"0","100","562","0","2"
"789","36780","6",,,"0","100","563","0","2"
"790","36780","7",,,"0","100","564","0","2"
"791","36780","8",,,"0","100","565","0","2"
"792","36780","9",,,"0","100","566","0","2"
"793","36780","10",,,"0","100","567","0","2"
"794","36780","11",,,"0","100","568","0","2"
"795","36780","12",,,"0","100","569","0","2"
"796","36780","13",,,"0","100","570","0","2"
"797","36780","14",,,"0","100","571","0","2"
"798","36780","15",,,"0","100","572","0","2"
"799","36780","16",,,"0","100","573","0","2"
"800","36780","17",,,"0","100","574","0","2"
"801","36780","18",,,"0","100","575","0","2"
"802","36780","19",,,"0","100","576","0","2"
"803","36780","20",,,"0","100","577","0","2"
"804","36780","21",,,"0","100","578","0","2"
"805","36780","22",,,"0","100","579","0","2"
"806","36780","23",,,"0","100","580","0","2"
"807","36792",,,,"0","100","581","0","1"
"808","36490",,,,"0","0","1","1001693",
"809","36511","4",,,"0","0","1","1001694",
"810","36782",,,,"10000","0","1","0",
"811","36781","2",,,"0","100","491","0",
"812","36781","3",,,"0","100","492","0",
"813","36781","4",,,"0","100","493","0",
"814","36781","5",,,"0","100","494","0",
"815","36781","6",,,"0","100","495","0",
"816","36781","7",,,"0","100","496","0",
"817","36781","8",,,"0","100","497","0",
"818","36781","9",,,"0","100","498","0",
"819","36781","10",,,"0","100","499","0",
"820","36781","11",,,"0","100","500","0",
"821","36781","12",,,"0","100","501","0",
"822","36781","13",,,"0","100","502","0",
"823","36781","14",,,"0","100","503","0",
"824","36781","15",,,"0","100","504","0",
"825","36781","16",,,"0","100","505","0",
"826","36781","17",,,"0","100","506","0",
"827","36781","18",,,"0","100","507","0",
"828","36781","19",,,"0","100","508","0",
"829","36781","20",,,"0","100","509","0",
"830","36781","21",,,"0","100","510","0",
"831","36781","22",,,"0","100","511","0",
"832","36781","23",,,"0","100","512","0",
"833","36544",,,,"0","0","1","1001704",
"834","36819","22",,,"0","0","1","1001705",
"835","36809","24",,,"250","100","6","0",
"836","36810","24",,,"500","100","8","0",
"837","36491",,,,"0","0","1","1001706",
"838","36512","11",,,"0","0","1","1001707",
"839","36829",,,,"0","100","466","0",
"840","36830",,,,"0","100","467","0",
"841","36831",,,,"0","100","468","0",
"842","36832",,,,"0","100","466","0",
"843","36833",,,,"0","100","467","0",
"844","36834",,,,"0","100","468","0",
"845","36835",,,,"0","0","1","0",
"846","36836",,,,"0","0","1","0",
"847","36837",,,,"0","0","1","0",
"848","36845","2",,,"0","100","582","0",
"849","36845","3",,,"0","100","583","0",
"850","36845","4",,,"0","100","584","0",
"851","36845","5",,,"0","100","585","0",
"852","36845","6",,,"0","100","586","0",
"853","36845","7",,,"0","100","587","0",
"854","36845","8",,,"0","100","588","0",
"855","36845","9",,,"0","100","589","0",
"856","36845","10",,,"0","100","590","0",
"857","36845","11",,,"0","100","591","0",
"858","36845","12",,,"0","100","592","0",
"859","36845","13",,,"0","100","593","0",
"860","36845","14",,,"0","100","594","0",
"861","36845","15",,,"0","100","595","0",
"862","36845","16",,,"0","100","596","0",
"863","36845","17",,,"0","100","597","0",
"864","36845","18",,,"0","100","598","0",
"865","36845","19",,,"0","100","599","0",
"866","36845","20",,,"0","100","600","0",
"867","36845","21",,,"0","100","601","0",
"868","36845","22",,,"0","100","602","0",
"869","36845","23",,,"0","100","603","0",
"870","36845","24",,,"0","100","604","0",
"871","36850",,,,"0","100","605","0","1"
"872","36851","2",,,"0","100","606","0","2"
"873","36851","3",,,"0","100","607","0","2"
"874","36851","4",,,"0","100","608","0","2"
"875","36851","5",,,"0","100","609","0","2"
"876","36851","6",,,"0","100","610","0","2"
"877","36851","7",,,"0","100","611","0","2"
"878","36851","8",,,"0","100","612","0","2"
"879","36851","9",,,"0","100","613","0","2"
"880","36851","10",,,"0","100","614","0","2"
"881","36851","11",,,"0","100","615","0","2"
"882","36851","12",,,"0","100","616","0","2"
"883","36851","13",,,"0","100","617","0","2"
"884","36851","14",,,"0","100","618","0","2"
"885","36851","15",,,"0","100","619","0","2"
"886","36851","16",,,"0","100","620","0","2"
"887","36851","17",,,"0","100","621","0","2"
"888","36851","18",,,"0","100","622","0","2"
"889","36851","19",,,"0","100","623","0","2"
"890","36851","20",,,"0","100","624","0","2"
"891","36851","21",,,"0","100","625","0","2"
"892","36851","22",,,"0","100","626","0","2"
"893","36851","23",,,"0","100","627","0","2"
"894","36851","24",,,"0","100","628","0","2"
"895","36497",,,,"0","0","1","1001715",
"896","36520","20",,,"0","0","1","1001716",
"897","36492",,,,"0","0","1","1001722",
"898","36513","5",,,"0","0","1","1001723",
"899","36493",,,,"0","0","1","1001738",
"900","36514","13",,,"0","0","1","1001739",
"901","36870",,,,"0","100","629","0","2"
"902","36871",,,,"0","100","630","0","2"
"903","36816",,,,"0","0","1","1001779",
"904","36818","24",,,"0","0","1","1001780",
"905","36893",,,,"1000","0","1","0",
"906","36494",,,,"0","0","1","1001789",
"907","36515","17",,,"0","0","1","1001790",
"908","36900",,,,"0","100","631","0","1"
"909","36901","2",,,"0","100","632","0","2"
"910","36901","3",,,"0","100","633","0","2"
"911","36901","4",,,"0","100","634","0","2"
"912","36901","5",,,"0","100","635","0","2"
"913","36901","6",,,"0","100","636","0","2"
"914","36901","7",,,"0","100","637","0","2"
"915","36901","8",,,"0","100","638","0","2"
"916","36901","9",,,"0","100","639","0","2"
"917","36901","10",,,"0","100","640","0","2"
"918","36901","11",,,"0","100","641","0","2"
"919","36901","12",,,"0","100","642","0","2"
"920","36901","13",,,"0","100","643","0","2"
"921","36901","14",,,"0","100","644","0","2"
"922","36901","15",,,"0","100","645","0","2"
"923","36901","16",,,"0","100","646","0","2"
"924","36901","17",,,"0","100","647","0","2"
"925","36901","18",,,"0","100","648","0","2"
"926","36901","19",,,"0","100","649","0","2"
"927","36901","20",,,"0","100","650","0","2"
"928","36901","21",,,"0","100","651","0","2"
"929","36901","22",,,"0","100","652","0","2"
"930","36901","23",,,"0","100","653","0","2"
"931","36901","24",,,"0","100","654","0","2"
"932","36495",,,,"0","0","1","1001787",
"933","36516","9",,,"0","0","1","1001788",
"934","36924",,,,"0","100","655","0","1"
"935","36925",,,,"0","100","656","0","2"
"936","36930","2",,,"0","100","657","0","2"
"937","36930","3",,,"0","100","658","0","2"
"938","36930","4",,,"0","100","659","0","2"
"939","36930","5",,,"0","100","660","0","2"
"940","36930","6",,,"0","100","661","0","2"
"941","36930","7",,,"0","100","662","0","2"
"942","36930","8",,,"0","100","663","0","2"
"943","36930","9",,,"0","100","664","0","2"
"944","36930","10",,,"0","100","665","0","2"
"945","36930","11",,,"0","100","666","0","2"
"946","36930","12",,,"0","100","667","0","2"
"947","36930","13",,,"0","100","668","0","2"
"948","36930","14",,,"0","100","669","0","2"
"949","36930","15",,,"0","100","670","0","2"
"950","36930","16",,,"0","100","671","0","2"
"951","36930","17",,,"0","100","672","0","2"
"952","36930","18",,,"0","100","673","0","2"
"953","36930","19",,,"0","100","674","0","2"
"954","36930","20",,,"0","100","675","0","2"
"955","36930","21",,,"0","100","676","0","2"
"956","36930","22",,,"0","100","677","0","2"
"957","36930","23",,,"0","100","678","0","2"
"958","36930","24",,,"0","100","679","0","2"
"959","36938","25",,,"250","100","6","0",
"960","36939","25",,,"500","100","8","0",
"961","36496",,,,"0","0","1","1001818",
"962","36517","12",,,"0","0","1","1001819",
"963","36498",,,,"0","0","1","1001821",
"964","36521","21",,,"0","0","1","1001822",
"965","36952","2",,,"0","100","680","0","7"
"966","36952","3",,,"0","100","681","0","7"
"967","36952","4",,,"0","100","682","0","7"
"968","36952","5",,,"0","100","683","0","7"
"969","36952","6",,,"0","100","684","0","7"
"970","36952","7",,,"0","100","685","0","7"
"971","36952","8",,,"0","100","686","0","7"
"972","36952","9",,,"0","100","687","0","7"
"973","36952","10",,,"0","100","688","0","7"
"974","36952","11",,,"0","100","689","0","7"
"975","36952","12",,,"0","100","690","0","7"
"976","36952","13",,,"0","100","691","0","7"
"977","36952","14",,,"0","100","692","0","7"
"978","36952","15",,,"0","100","693","0","7"
"979","36952","16",,,"0","100","694","0","7"
"980","36952","17",,,"0","100","695","0","7"
"981","36952","18",,,"0","100","696","0","7"
"982","36952","19",,,"0","100","697","0","7"
"983","36952","20",,,"0","100","698","0","7"
"984","36952","21",,,"0","100","699","0","7"
"985","36952","22",,,"0","100","700","0","7"
"986","36952","23",,,"0","100","701","0","7"
"987","36952","24",,,"0","100","702","0","7"
"988","36957","2",,,"0","100","703","0",
"989","36957","3",,,"0","100","704","0",
"990","36957","4",,,"0","100","705","0",
"991","36957","5",,,"0","100","706","0",
"992","36957","6",,,"0","100","707","0",
"993","36957","7",,,"0","100","708","0",
"994","36957","8",,,"0","100","709","0",
"995","36957","9",,,"0","100","710","0",
"996","36957","10",,,"0","100","711","0",
"997","36957","11",,,"0","100","712","0",
"998","36957","12",,,"0","100","713","0",
"999","36957","13",,,"0","100","714","0",
"1000","36957","14",,,"0","100","715","0",
"1001","36957","15",,,"0","100","716","0",
"1002","36957","16",,,"0","100","717","0",
"1003","36957","17",,,"0","100","718","0",
"1004","36957","18",,,"0","100","719","0",
"1005","36957","19",,,"0","100","720","0",
"1006","36957","20",,,"0","100","721","0",
"1007","36957","21",,,"0","100","722","0",
"1008","36957","22",,,"0","100","723","0",
"1009","36957","23",,,"0","100","724","0",
"1010","36957","24",,,"0","100","725","0",
"1011","36957","25",,,"0","100","726","0",
"1012","37035","6",,,"0","100","727","1001829",
"1013","36976","6",,,"0","100","728","1001830",
"1014","37036","7",,,"0","100","729","1001837",
"1015","36977","7",,,"0","100","730","1001838",
"1016","37029",,,,"0","100","731","0","7"
"1017","37028","2",,,"0","100","732","0","7"
"1018","37028","3",,,"0","100","733","0","7"
"1019","37028","4",,,"0","100","734","0","7"
"1020","37028","5",,,"0","100","735","0","7"
"1021","37028","6",,,"0","100","736","0","7"
"1022","37028","7",,,"0","100","737","0","7"
"1023","37028","8",,,"0","100","738","0","7"
"1024","37028","9",,,"0","100","739","0","7"
"1025","37028","10",,,"0","100","740","0","7"
"1026","37028","11",,,"0","100","741","0","7"
"1027","37028","12",,,"0","100","742","0","7"
"1028","37028","13",,,"0","100","743","0","7"
"1029","37028","14",,,"0","100","744","0","7"
"1030","37028","15",,,"0","100","745","0","7"
"1031","37028","16",,,"0","100","746","0","7"
"1032","37028","17",,,"0","100","747","0","7"
"1033","37028","18",,,"0","100","748","0","7"
"1034","37028","19",,,"0","100","749","0","7"
"1035","37028","20",,,"0","100","750","0","7"
"1036","37028","21",,,"0","100","751","0","7"
"1037","37028","22",,,"0","100","752","0","7"
"1038","37028","23",,,"0","100","753","0","7"
"1039","37028","24",,,"0","100","754","0","7"
"1040","37028","25",,,"0","100","755","0","7"
"1041","37027",,,,"0","100","756","0","7"
"1042","37152","2",,,"0","100","757","0",
"1043","37152","3",,,"0","100","758","0",
"1044","37152","4",,,"0","100","759","0",
"1045","37152","5",,,"0","100","760","0",
"1046","37152","6",,,"0","100","761","0",
"1047","37152","7",,,"0","100","762","0",
"1048","37152","8",,,"0","100","763","0",
"1049","37152","9",,,"0","100","764","0",
"1050","37152","10",,,"0","100","765","0",
"1051","37152","11",,,"0","100","766","0",
"1052","37152","12",,,"0","100","767","0",
"1053","37152","13",,,"0","100","768","0",
"1054","37152","14",,,"0","100","769","0",
"1055","37152","15",,,"0","100","770","0",
"1056","37152","16",,,"0","100","771","0",
"1057","37152","17",,,"0","100","772","0",
"1058","37152","18",,,"0","100","773","0",
"1059","37152","19",,,"0","100","774","0",
"1060","37152","20",,,"0","100","775","0",
"1061","37152","21",,,"0","100","776","0",
"1062","37152","22",,,"0","100","777","0",
"1063","37152","23",,,"0","100","778","0",
"1064","37152","24",,,"0","100","779","0",
"1065","37152","25",,,"0","100","780","0",
"1066","37140","2",,,"0","100","781","0","2"
"1067","37140","3",,,"0","100","782","0","2"
"1068","37140","4",,,"0","100","783","0","2"
"1069","37140","5",,,"0","100","784","0","2"
"1070","37140","6",,,"0","100","785","0","2"
"1071","37140","7",,,"0","100","786","0","2"
"1072","37140","8",,,"0","100","787","0","2"
"1073","37140","9",,,"0","100","788","0","2"
"1074","37140","10",,,"0","100","789","0","2"
"1075","37140","11",,,"0","100","790","0","2"
"1076","37140","12",,,"0","100","791","0","2"
"1077","37140","13",,,"0","100","792","0","2"
"1078","37140","14",,,"0","100","793","0","2"
"1079","37140","15",,,"0","100","794","0","2"
"1080","37140","16",,,"0","100","795","0","2"
"1081","37140","17",,,"0","100","796","0","2"
"1082","37140","18",,,"0","100","797","0","2"
"1083","37140","19",,,"0","100","798","0","2"
"1084","37140","20",,,"0","100","799","0","2"
"1085","37140","21",,,"0","100","800","0","2"
"1086","37140","22",,,"0","100","801","0","2"
"1087","37140","23",,,"0","100","802","0","2"
"1088","37140","24",,,"0","100","803","0","2"
"1089","37140","25",,,"0","100","804","0","2"
"1090","37054","25",,,"0","100","805","1001874",
"1091","36995","25",,,"0","100","806","1001875",
"1092","37174",,,,"10000","0","1","0",
"1093","37047","18",,,"0","100","807","1001891",
"1094","36988","18",,,"0","100","808","1001892",
"1095","37150",,,,"0","100","419","0",
"1096","37151",,,,"0","100","420","0",
"1097","37206","25",,,"0","100","809","0",
"1098","37158","26",,,"250","100","6","0",
"1099","37159","26",,,"500","100","8","0",
"1100","37224","2",,,"0","100","810","0",
"1101","37224","3",,,"0","100","811","0",
"1102","37224","4",,,"0","100","812","0",
"1103","37224","5",,,"0","100","813","0",
"1104","37224","6",,,"0","100","814","0",
"1105","37224","7",,,"0","100","815","0",
"1106","37224","8",,,"0","100","816","0",
"1107","37224","9",,,"0","100","817","0",
"1108","37224","10",,,"0","100","818","0",
"1109","37224","11",,,"0","100","819","0",
"1110","37224","12",,,"0","100","820","0",
"1111","37224","13",,,"0","100","821","0",
"1112","37224","14",,,"0","100","822","0",
"1113","37224","15",,,"0","100","823","0",
"1114","37224","16",,,"0","100","824","0",
"1115","37224","17",,,"0","100","825","0",
"1116","37224","18",,,"0","100","826","0",
"1117","37224","19",,,"0","100","827","0",
"1118","37224","20",,,"0","100","828","0",
"1119","37224","21",,,"0","100","829","0",
"1120","37224","22",,,"0","100","830","0",
"1121","37224","23",,,"0","100","831","0",
"1122","37224","24",,,"0","100","832","0",
"1123","37224","25",,,"0","100","833","0",
"1124","37224","26",,,"0","100","834","0",
"1125","37039","10",,,"0","100","835","1001943",
"1126","36980","10",,,"0","100","836","1001944",
"1127","37244","2",,,"0","100","837","0","4"
"1128","37244","3",,,"0","100","838","0","4"
"1129","37244","4",,,"0","100","839","0","4"
"1130","37244","5",,,"0","100","840","0","4"
"1131","37244","6",,,"0","100","841","0","4"
"1132","37244","7",,,"0","100","842","0","4"
"1133","37244","8",,,"0","100","843","0","4"
"1134","37244","9",,,"0","100","844","0","4"
"1135","37244","10",,,"0","100","845","0","4"
"1136","37244","11",,,"0","100","846","0","4"
"1137","37244","12",,,"0","100","847","0","4"
"1138","37244","13",,,"0","100","848","0","4"
"1139","37244","14",,,"0","100","849","0","4"
"1140","37244","15",,,"0","100","850","0","4"
"1141","37244","16",,,"0","100","851","0","4"
"1142","37244","17",,,"0","100","852","0","4"
"1143","37244","18",,,"0","100","853","0","4"
"1144","37244","19",,,"0","100","854","0","4"
"1145","37244","20",,,"0","100","855","0","4"
"1146","37244","21",,,"0","100","856","0","4"
"1147","37244","22",,,"0","100","857","0","4"
"1148","37244","23",,,"0","100","858","0","4"
"1149","37244","24",,,"0","100","859","0","4"
"1150","37244","25",,,"0","100","860","0","4"
"1151","37244","26",,,"0","100","861","0","4"
"1152","37245",,,,"0","100","862","0","4"
"1153","37044","15",,,"0","100","863","1001972",
"1154","36985","15",,,"0","100","864","1001973",
"1155","37247","2",,,"0","100","865","0",
"1156","37247","3",,,"0","100","866","0",
"1157","37247","4",,,"0","100","867","0",
"1158","37247","5",,,"0","100","868","0",
"1159","37247","6",,,"0","100","869","0",
"1160","37247","7",,,"0","100","870","0",
"1161","37247","8",,,"0","100","871","0",
"1162","37247","9",,,"0","100","872","0",
"1163","37247","10",,,"0","100","873","0",
"1164","37247","11",,,"0","100","874","0",
"1165","37247","12",,,"0","100","875","0",
"1166","37247","13",,,"0","100","876","0",
"1167","37247","14",,,"0","100","877","0",
"1168","37247","15",,,"0","100","878","0",
"1169","37247","16",,,"0","100","879","0",
"1170","37247","17",,,"0","100","880","0",
"1171","37247","18",,,"0","100","881","0",
"1172","37247","19",,,"0","100","882","0",
"1173","37247","20",,,"0","100","883","0",
"1174","37247","21",,,"0","100","884","0",
"1175","37247","22",,,"0","100","885","0",
"1176","37247","23",,,"0","100","886","0",
"1177","37247","24",,,"0","100","887","0",
"1178","37247","25",,,"0","100","888","0",
"1179","37247","26",,,"0","100","889","0",
"1180","37251","2",,,"0","100","890","0","7"
"1181","37251","3",,,"0","100","891","0","7"
"1182","37251","4",,,"0","100","892","0","7"
"1183","37251","5",,,"0","100","893","0","7"
"1184","37251","6",,,"0","100","894","0","7"
"1185","37251","7",,,"0","100","895","0","7"
"1186","37251","8",,,"0","100","896","0","7"
"1187","37251","9",,,"0","100","897","0","7"
"1188","37251","10",,,"0","100","898","0","7"
"1189","37251","11",,,"0","100","899","0","7"
"1190","37251","12",,,"0","100","900","0","7"
"1191","37251","13",,,"0","100","901","0","7"
"1192","37251","14",,,"0","100","902","0","7"
"1193","37251","15",,,"0","100","903","0","7"
"1194","37251","16",,,"0","100","904","0","7"
"1195","37251","17",,,"0","100","905","0","7"
"1196","37251","18",,,"0","100","906","0","7"
"1197","37251","19",,,"0","100","907","0","7"
"1198","37251","20",,,"0","100","908","0","7"
"1199","37251","21",,,"0","100","909","0","7"
"1200","37251","22",,,"0","100","910","0","7"
"1201","37251","23",,,"0","100","911","0","7"
"1202","37251","24",,,"0","100","912","0","7"
"1203","37251","25",,,"0","100","913","0","7"
"1204","37251","26",,,"0","100","914","0","7"
"1205","37031","2",,,"0","100","915","1001980",
"1206","36972","2",,,"0","100","916","1001981",
"1207","37258",,,,"1000","0","1","0",
"1208","37259",,,,"1000","0","1","0",
"1209","37260",,,,"1000","0","1","0",
"1210","37261",,,,"5000","0","1","0",
"1211","37262",,,,"5000","0","1","0",
"1212","37263",,,,"5000","0","1","0",
"1213","37276","2",,,"0","100","917","0",
"1214","37276","3",,,"0","100","918","0",
"1215","37276","4",,,"0","100","919","0",
"1216","37276","5",,,"0","100","920","0",
"1217","37276","6",,,"0","100","921","0",
"1218","37276","7",,,"0","100","922","0",
"1219","37276","8",,,"0","100","923","0",
"1220","37276","9",,,"0","100","924","0",
"1221","37276","10",,,"0","100","925","0",
"1222","37276","11",,,"0","100","926","0",
"1223","37276","12",,,"0","100","927","0",
"1224","37276","13",,,"0","100","928","0",
"1225","37276","14",,,"0","100","929","0",
"1226","37276","15",,,"0","100","930","0",
"1227","37276","16",,,"0","100","931","0",
"1228","37276","17",,,"0","100","932","0",
"1229","37276","18",,,"0","100","933","0",
"1230","37276","19",,,"0","100","934","0",
"1231","37276","20",,,"0","100","935","0",
"1232","37276","21",,,"0","100","936","0",
"1233","37276","22",,,"0","100","937","0",
"1234","37276","23",,,"0","100","938","0",
"1235","37276","24",,,"0","100","939","0",
"1236","37276","25",,,"0","100","940","0",
"1237","37276","26",,,"0","100","941","0",
"1238","37286",,,,"0","100","65","0",
"1239","37287",,,,"1000","0","1","0",
"1240","37288",,,,"0","100","942","0","1"
"1241","37289",,,,"0","100","943","0","2"
"1242","37297","27",,,"250","100","6","0",
"1243","37298","27",,,"500","100","8","0",
"1244","37032","3",,,"0","100","944","1002003",
"1245","36973","3",,,"0","100","945","1002004",
"1246","37325",,,,"0","100","466","0",
"1247","37326",,,,"0","100","467","0",
"1248","37327",,,,"0","100","468","0",
"1249","37328",,,,"0","100","466","0",
"1250","37329",,,,"0","100","467","0",
"1251","37330",,,,"0","100","468","0",
"1252","37331",,,,"0","0","1","0",
"1253","37332",,,,"0","0","1","0",
"1254","37333",,,,"0","0","1","0",
"1255","37048","19",,,"0","100","946","1002007",
"1256","36989","19",,,"0","100","947","1002008",
"1257","37340","2",,,"0","100","948","0",
"1258","37340","3",,,"0","100","949","0",
"1259","37340","4",,,"0","100","950","0",
"1260","37340","5",,,"0","100","951","0",
"1261","37340","6",,,"0","100","952","0",
"1262","37340","7",,,"0","100","953","0",
"1263","37340","8",,,"0","100","954","0",
"1264","37340","9",,,"0","100","955","0",
"1265","37340","10",,,"0","100","956","0",
"1266","37340","11",,,"0","100","957","0",
"1267","37340","12",,,"0","100","958","0",
"1268","37340","13",,,"0","100","959","0",
"1269","37340","14",,,"0","100","960","0",
"1270","37340","15",,,"0","100","961","0",
"1271","37340","16",,,"0","100","962","0",
"1272","37340","17",,,"0","100","963","0",
"1273","37340","18",,,"0","100","964","0",
"1274","37340","19",,,"0","100","965","0",
"1275","37340","20",,,"0","100","966","0",
"1276","37340","21",,,"0","100","967","0",
"1277","37340","22",,,"0","100","968","0",
"1278","37340","23",,,"0","100","969","0",
"1279","37340","24",,,"0","100","970","0",
"1280","37340","25",,,"0","100","971","0",
"1281","37340","26",,,"0","100","972","0",
"1282","37340","27",,,"0","100","973","0",
"1283","37348",,,,"0","100","974","0","1"
"1284","37349","2",,,"0","100","975","0","2"
"1285","37349","3",,,"0","100","976","0","2"
"1286","37349","4",,,"0","100","977","0","2"
"1287","37349","5",,,"0","100","978","0","2"
"1288","37349","6",,,"0","100","979","0","2"
"1289","37349","7",,,"0","100","980","0","2"
"1290","37349","8",,,"0","100","981","0","2"
"1291","37349","9",,,"0","100","982","0","2"
"1292","37349","10",,,"0","100","983","0","2"
"1293","37349","11",,,"0","100","984","0","2"
"1294","37349","12",,,"0","100","985","0","2"
"1295","37349","13",,,"0","100","986","0","2"
"1296","37349","14",,,"0","100","987","0","2"
"1297","37349","15",,,"0","100","988","0","2"
"1298","37349","16",,,"0","100","989","0","2"
"1299","37349","17",,,"0","100","990","0","2"
"1300","37349","18",,,"0","100","991","0","2"
"1301","37349","19",,,"0","100","992","0","2"
"1302","37349","20",,,"0","100","993","0","2"
"1303","37349","21",,,"0","100","994","0","2"
"1304","37349","22",,,"0","100","995","0","2"
"1305","37349","23",,,"0","100","996","0","2"
"1306","37349","24",,,"0","100","997","0","2"
"1307","37349","25",,,"0","100","998","0","2"
"1308","37349","26",,,"0","100","999","0","2"
"1309","37349","27",,,"0","100","1000","0","2"
"1310","37052","23",,,"0","100","1001","1002014",
"1311","36993","23",,,"0","100","1002","1002015",
"1312","37351",,,,"1000","0","1","0",
"1313","37367","2",,,"0","100","948","0",
"1314","37367","3",,,"0","100","949","0",
"1315","37367","4",,,"0","100","950","0",
"1316","37367","5",,,"0","100","951","0",
"1317","37367","6",,,"0","100","952","0",
"1318","37367","7",,,"0","100","953","0",
"1319","37367","8",,,"0","100","954","0",
"1320","37367","9",,,"0","100","955","0",
"1321","37367","10",,,"0","100","956","0",
"1322","37367","11",,,"0","100","957","0",
"1323","37367","12",,,"0","100","958","0",
"1324","37367","13",,,"0","100","959","0",
"1325","37367","14",,,"0","100","960","0",
"1326","37367","15",,,"0","100","961","0",
"1327","37367","16",,,"0","100","962","0",
"1328","37367","17",,,"0","100","963","0",
"1329","37367","18",,,"0","100","964","0",
"1330","37367","19",,,"0","100","965","0",
"1331","37367","20",,,"0","100","966","0",
"1332","37367","21",,,"0","100","967","0",
"1333","37367","22",,,"0","100","968","0",
"1334","37367","23",,,"0","100","969","0",
"1335","37367","24",,,"0","100","970","0",
"1336","37367","25",,,"0","100","971","0",
"1337","37367","26",,,"0","100","972","0",
"1338","37367","27",,,"0","100","973","0",
"1339","37043","14",,,"0","100","1003","1002019",
"1340","36984","14",,,"0","100","1004","1002020",
"1341","37045","16",,,"0","100","1005","1002027",
"1342","36986","16",,,"0","100","1006","1002028",
"1343","37372",,,,"0","100","1007","0","2"
"1344","37407",,,,"1000","0","1","0",
"1345","37408","2",,,"0","100","948","0",
"1346","37408","3",,,"0","100","949","0",
"1347","37408","4",,,"0","100","950","0",
"1348","37408","5",,,"0","100","951","0",
"1349","37408","6",,,"0","100","952","0",
"1350","37408","7",,,"0","100","953","0",
"1351","37408","8",,,"0","100","954","0",
"1352","37408","9",,,"0","100","955","0",
"1353","37408","10",,,"0","100","956","0",
"1354","37408","11",,,"0","100","957","0",
"1355","37408","12",,,"0","100","958","0",
"1356","37408","13",,,"0","100","959","0",
"1357","37408","14",,,"0","100","960","0",
"1358","37408","15",,,"0","100","961","0",
"1359","37408","16",,,"0","100","962","0",
"1360","37408","17",,,"0","100","963","0",
"1361","37408","18",,,"0","100","964","0",
"1362","37408","19",,,"0","100","965","0",
"1363","37408","20",,,"0","100","966","0",
"1364","37408","21",,,"0","100","967","0",
"1365","37408","22",,,"0","100","968","0",
"1366","37408","23",,,"0","100","969","0",
"1367","37408","24",,,"0","100","970","0",
"1368","37408","25",,,"0","100","971","0",
"1369","37408","26",,,"0","100","972","0",
"1370","37408","27",,,"0","100","973","0",
"1371","37037","8",,,"0","100","1008","1002045",
"1372","36978","8",,,"0","100","1009","1002046",
"1373","37416",,,,"0","100","1010","0","1"
"1374","37417",,,,"0","100","1011","0","2"
"1375","37422",,,,"10000","0","1","0",
"1376","37423","2",,,"0","100","1012","0",
"1377","37423","3",,,"0","100","1013","0",
"1378","37423","4",,,"0","100","1014","0",
"1379","37423","5",,,"0","100","1015","0",
"1380","37423","6",,,"0","100","1016","0",
"1381","37423","7",,,"0","100","1017","0",
"1382","37423","8",,,"0","100","1018","0",
"1383","37423","9",,,"0","100","1019","0",
"1384","37423","10",,,"0","100","1020","0",
"1385","37423","11",,,"0","100","1021","0",
"1386","37423","12",,,"0","100","1022","0",
"1387","37423","13",,,"0","100","1023","0",
"1388","37423","14",,,"0","100","1024","0",
"1389","37423","15",,,"0","100","1025","0",
"1390","37423","16",,,"0","100","1026","0",
"1391","37423","17",,,"0","100","1027","0",
"1392","37423","18",,,"0","100","1028","0",
"1393","37423","19",,,"0","100","1029","0",
"1394","37423","20",,,"0","100","1030","0",
"1395","37423","21",,,"0","100","1031","0",
"1396","37423","22",,,"0","100","1032","0",
"1397","37423","23",,,"0","100","1033","0",
"1398","37423","24",,,"0","100","1034","0",
"1399","37423","25",,,"0","100","1035","0",
"1400","37423","26",,,"0","100","1036","0",
"1401","37423","27",,,"0","100","1037","0",
"1402","37033","4",,,"0","100","1038","1002049",
"1403","36974","4",,,"0","100","1039","1002050",
"1404","37426",,,,"0","100","1040","0","8"
"1405","37427","2",,,"0","100","1041","0","8"
"1406","37427","3",,,"0","100","1042","0","8"
"1407","37427","4",,,"0","100","1043","0","8"
"1408","37427","5",,,"0","100","1044","0","8"
"1409","37427","6",,,"0","100","1045","0","8"
"1410","37427","7",,,"0","100","1046","0","8"
"1411","37427","8",,,"0","100","1047","0","8"
"1412","37427","9",,,"0","100","1048","0","8"
"1413","37427","10",,,"0","100","1049","0","8"
"1414","37427","11",,,"0","100","1050","0","8"
"1415","37427","12",,,"0","100","1051","0","8"
"1416","37427","13",,,"0","100","1052","0","8"
"1417","37427","14",,,"0","100","1053","0","8"
"1418","37427","15",,,"0","100","1054","0","8"
"1419","37427","16",,,"0","100","1055","0","8"
"1420","37427","17",,,"0","100","1056","0","8"
"1421","37427","18",,,"0","100","1057","0","8"
"1422","37427","19",,,"0","100","1058","0","8"
"1423","37427","20",,,"0","100","1059","0","8"
"1424","37427","21",,,"0","100","1060","0","8"
"1425","37427","22",,,"0","100","1061","0","8"
"1426","37427","23",,,"0","100","1062","0","8"
"1427","37427","24",,,"0","100","1063","0","8"
"1428","37427","25",,,"0","100","1064","0","8"
"1429","37427","26",,,"0","100","1065","0","8"
"1430","37427","27",,,"0","100","1066","0","8"
"1431","37428",,,,"0","100","1067","0","9"
"1432","37430","27",,,"0","100","1068","1002072",
"1433","37429","27",,,"0","100","1069","1002073",
"1434","37434","27",,,"0","100","1070","0",
"1435","37051","22",,,"0","100","1071","1002070",
"1436","36992","22",,,"0","100","1072","1002071",
"1437","37455",,,,"5000","0","1","0",
"1438","37040","11",,,"0","100","1073","1002103",
"1439","36981","11",,,"0","100","1074","1002104",
"1440","37502",,,,"1000","0","1","0",
"1441","37513","2",,,"0","100","1075","0",
"1442","37513","3",,,"0","100","1076","0",
"1443","37513","4",,,"0","100","1077","0",
"1444","37513","5",,,"0","100","1078","0",
"1445","37513","6",,,"0","100","1079","0",
"1446","37513","7",,,"0","100","1080","0",
"1447","37513","8",,,"0","100","1081","0",
"1448","37513","9",,,"0","100","1082","0",
"1449","37513","10",,,"0","100","1083","0",
"1450","37513","11",,,"0","100","1084","0",
"1451","37513","12",,,"0","100","1085","0",
"1452","37513","13",,,"0","100","1086","0",
"1453","37513","14",,,"0","100","1087","0",
"1454","37513","15",,,"0","100","1088","0",
"1455","37513","16",,,"0","100","1089","0",
"1456","37513","17",,,"0","100","1090","0",
"1457","37513","18",,,"0","100","1091","0",
"1458","37513","19",,,"0","100","1092","0",
"1459","37513","20",,,"0","100","1093","0",
"1460","37513","21",,,"0","100","1094","0",
"1461","37513","22",,,"0","100","1095","0",
"1462","37513","23",,,"0","100","1096","0",
"1463","37513","24",,,"0","100","1097","0",
"1464","37513","25",,,"0","100","1098","0",
"1465","37513","26",,,"0","100","1099","0",
"1466","37513","27",,,"0","100","1100","0",
"1467","37049","20",,,"0","100","1101","1002113",
"1468","36990","20",,,"0","100","1102","1002114",
"1469","37537","28",,,"250","100","6","0",
"1470","37538","28",,,"500","100","8","0",
"1471","37034","5",,,"0","100","1103","1002115",
"1472","36975","5",,,"0","100","1104","1002116",
"1473","37552",,,,"0","100","466","0",
"1474","37553",,,,"0","100","467","0",
"1475","37554",,,,"0","100","468","0",
"1476","37555",,,,"0","100","466","0",
"1477","37556",,,,"0","100","467","0",
"1478","37557",,,,"0","100","468","0",
"1479","37558",,,,"0","0","1","0",
"1480","37559",,,,"0","0","1","0",
"1481","37560",,,,"0","0","1","0",
"1482","37042","13",,,"0","100","1105","1002119",
"1483","36983","13",,,"0","100","1106","1002120",
"1484","37582","2",,,"0","100","1107","0",
"1485","37582","3",,,"0","100","1108","0",
"1486","37582","4",,,"0","100","1109","0",
"1487","37582","5",,,"0","100","1110","0",
"1488","37582","6",,,"0","100","1111","0",
"1489","37582","7",,,"0","100","1112","0",
"1490","37582","8",,,"0","100","1113","0",
"1491","37582","9",,,"0","100","1114","0",
"1492","37582","10",,,"0","100","1115","0",
"1493","37582","11",,,"0","100","1116","0",
"1494","37582","12",,,"0","100","1117","0",
"1495","37582","13",,,"0","100","1118","0",
"1496","37582","14",,,"0","100","1119","0",
"1497","37582","15",,,"0","100","1120","0",
"1498","37582","16",,,"0","100","1121","0",
"1499","37582","17",,,"0","100","1122","0",
"1500","37582","18",,,"0","100","1123","0",
"1501","37582","19",,,"0","100","1124","0",
"1502","37582","20",,,"0","100","1125","0",
"1503","37582","21",,,"0","100","1126","0",
"1504","37582","22",,,"0","100","1127","0",
"1505","37582","23",,,"0","100","1128","0",
"1506","37582","24",,,"0","100","1129","0",
"1507","37582","25",,,"0","100","1130","0",
"1508","37582","26",,,"0","100","1131","0",
"1509","37582","27",,,"0","100","1132","0",
"1510","37582","28",,,"0","100","1133","0",
"1511","37586",,,,"0","100","1134","0","1"
"1512","37587","2",,,"0","100","1135","0","2"
"1513","37587","3",,,"0","100","1136","0","2"
"1514","37587","4",,,"0","100","1137","0","2"
"1515","37587","5",,,"0","100","1138","0","2"
"1516","37587","6",,,"0","100","1139","0","2"
"1517","37587","7",,,"0","100","1140","0","2"
"1518","37587","8",,,"0","100","1141","0","2"
"1519","37587","9",,,"0","100","1142","0","2"
"1520","37587","10",,,"0","100","1143","0","2"
"1521","37587","11",,,"0","100","1144","0","2"
"1522","37587","12",,,"0","100","1145","0","2"
"1523","37587","13",,,"0","100","1146","0","2"
"1524","37587","14",,,"0","100","1147","0","2"
"1525","37587","15",,,"0","100","1148","0","2"
"1526","37587","16",,,"0","100","1149","0","2"
"1527","37587","17",,,"0","100","1150","0","2"
"1528","37587","18",,,"0","100","1151","0","2"
"1529","37587","19",,,"0","100","1152","0","2"
"1530","37587","20",,,"0","100","1153","0","2"
"1531","37587","21",,,"0","100","1154","0","2"
"1532","37587","22",,,"0","100","1155","0","2"
"1533","37587","23",,,"0","100","1156","0","2"
"1534","37587","24",,,"0","100","1157","0","2"
"1535","37587","25",,,"0","100","1158","0","2"
"1536","37587","26",,,"0","100","1159","0","2"
"1537","37587","27",,,"0","100","1160","0","2"
"1538","37587","28",,,"0","100","1161","0","2"
"1539","37053","24",,,"0","100","1162","1002124",
"1540","36994","24",,,"0","100","1163","1002125",
"1541","37046","17",,,"0","100","1164","1002133",
"1542","36987","17",,,"0","100","1165","1002134",
"1543","37601","2",,,"0","100","1166","0",
"1544","37601","3",,,"0","100","1167","0",
"1545","37601","4",,,"0","100","1168","0",
"1546","37601","5",,,"0","100","1169","0",
"1547","37601","6",,,"0","100","1170","0",
"1548","37601","7",,,"0","100","1171","0",
"1549","37601","8",,,"0","100","1172","0",
"1550","37601","9",,,"0","100","1173","0",
"1551","37601","10",,,"0","100","1174","0",
"1552","37601","11",,,"0","100","1175","0",
"1553","37601","12",,,"0","100","1176","0",
"1554","37601","13",,,"0","100","1177","0",
"1555","37601","14",,,"0","100","1178","0",
"1556","37601","15",,,"0","100","1179","0",
"1557","37601","16",,,"0","100","1180","0",
"1558","37601","17",,,"0","100","1181","0",
"1559","37601","18",,,"0","100","1182","0",
"1560","37601","19",,,"0","100","1183","0",
"1561","37601","20",,,"0","100","1184","0",
"1562","37601","21",,,"0","100","1185","0",
"1563","37601","22",,,"0","100","1186","0",
"1564","37601","23",,,"0","100","1187","0",
"1565","37601","24",,,"0","100","1188","0",
"1566","37601","25",,,"0","100","1189","0",
"1567","37601","26",,,"0","100","1190","0",
"1568","37601","27",,,"0","100","1191","0",
"1569","37601","28",,,"0","100","1192","0",
"1570","37038","9",,,"0","100","1193","1002136",
"1571","36979","9",,,"0","100","1194","1002137",
"1572","37605",,,,"0","100","1195","0","1"
"1573","37604","2",,,"0","100","1196","0","2"
"1574","37604","3",,,"0","100","1197","0","2"
"1575","37604","4",,,"0","100","1198","0","2"
"1576","37604","5",,,"0","100","1199","0","2"
"1577","37604","6",,,"0","100","1200","0","2"
"1578","37604","7",,,"0","100","1201","0","2"
"1579","37604","8",,,"0","100","1202","0","2"
"1580","37604","9",,,"0","100","1203","0","2"
"1581","37604","10",,,"0","100","1204","0","2"
"1582","37604","11",,,"0","100","1205","0","2"
"1583","37604","12",,,"0","100","1206","0","2"
"1584","37604","13",,,"0","100","1207","0","2"
"1585","37604","14",,,"0","100","1208","0","2"
"1586","37604","15",,,"0","100","1209","0","2"
"1587","37604","16",,,"0","100","1210","0","2"
"1588","37604","17",,,"0","100","1211","0","2"
"1589","37604","18",,,"0","100","1212","0","2"
"1590","37604","19",,,"0","100","1213","0","2"
"1591","37604","20",,,"0","100","1214","0","2"
"1592","37604","21",,,"0","100","1215","0","2"
"1593","37604","22",,,"0","100","1216","0","2"
"1594","37604","23",,,"0","100","1217","0","2"
"1595","37604","24",,,"0","100","1218","0","2"
"1596","37604","25",,,"0","100","1219","0","2"
"1597","37604","26",,,"0","100","1220","0","2"
"1598","37604","27",,,"0","100","1221","0","2"
"1599","37604","28",,,"0","100","1222","0","2"
"1600","37628","2",,,"0","100","1223","0",
"1601","37628","3",,,"0","100","1224","0",
"1602","37628","4",,,"0","100","1225","0",
"1603","37628","5",,,"0","100","1226","0",
"1604","37628","6",,,"0","100","1227","0",
"1605","37628","7",,,"0","100","1228","0",
"1606","37628","8",,,"0","100","1229","0",
"1607","37628","9",,,"0","100","1230","0",
"1608","37628","10",,,"0","100","1231","0",
"1609","37628","11",,,"0","100","1232","0",
"1610","37628","12",,,"0","100","1233","0",
"1611","37628","13",,,"0","100","1234","0",
"1612","37628","14",,,"0","100","1235","0",
"1613","37628","15",,,"0","100","1236","0",
"1614","37628","16",,,"0","100","1237","0",
"1615","37628","17",,,"0","100","1238","0",
"1616","37628","18",,,"0","100","1239","0",
"1617","37628","19",,,"0","100","1240","0",
"1618","37628","20",,,"0","100","1241","0",
"1619","37628","21",,,"0","100","1242","0",
"1620","37628","22",,,"0","100","1243","0",
"1621","37628","23",,,"0","100","1244","0",
"1622","37628","24",,,"0","100","1245","0",
"1623","37628","25",,,"0","100","1246","0",
"1624","37628","26",,,"0","100","1247","0",
"1625","37628","27",,,"0","100","1248","0",
"1626","37628","28",,,"0","100","1249","0",
"1627","37041","12",,,"0","100","1250","1002159",
"1628","36982","12",,,"0","100","1251","1002160",
"1629","37050","21",,,"0","100","1252","1002168",
"1630","36991","21",,,"0","100","1253","1002169",
"1631","37631",,,,"0","100","1254","0","1"
"1632","37632",,,,"0","100","1255","0","2"
"1633","37635","2",,,"0","100","1256","0",
"1634","37635","3",,,"0","100","1257","0",
"1635","37635","4",,,"0","100","1258","0",
"1636","37635","5",,,"0","100","1259","0",
"1637","37635","6",,,"0","100","1260","0",
"1638","37635","7",,,"0","100","1261","0",
"1639","37635","8",,,"0","100","1262","0",
"1640","37635","9",,,"0","100","1263","0",
"1641","37635","10",,,"0","100","1264","0",
"1642","37635","11",,,"0","100","1265","0",
"1643","37635","12",,,"0","100","1266","0",
"1644","37635","13",,,"0","100","1267","0",
"1645","37635","14",,,"0","100","1268","0",
"1646","37635","15",,,"0","100","1269","0",
"1647","37635","16",,,"0","100","1270","0",
"1648","37635","17",,,"0","100","1271","0",
"1649","37635","18",,,"0","100","1272","0",
"1650","37635","19",,,"0","100","1273","0",
"1651","37635","20",,,"0","100","1274","0",
"1652","37635","21",,,"0","100","1275","0",
"1653","37635","22",,,"0","100","1276","0",
"1654","37635","23",,,"0","100","1277","0",
"1655","37635","24",,,"0","100","1278","0",
"1656","37635","25",,,"0","100","1279","0",
"1657","37635","26",,,"0","100","1280","0",
"1658","37635","27",,,"0","100","1281","0",
"1659","37635","28",,,"0","100","1282","0",
"1660","37686","2",,,"0","100","1283","0","7"
"1661","37686","3",,,"0","100","1284","0","7"
"1662","37686","4",,,"0","100","1285","0","7"
"1663","37686","5",,,"0","100","1286","0","7"
"1664","37686","6",,,"0","100","1287","0","7"
"1665","37686","7",,,"0","100","1288","0","7"
"1666","37686","8",,,"0","100","1289","0","7"
"1667","37686","9",,,"0","100","1290","0","7"
"1668","37686","10",,,"0","100","1291","0","7"
"1669","37686","11",,,"0","100","1292","0","7"
"1670","37686","12",,,"0","100","1293","0","7"
"1671","37686","13",,,"0","100","1294","0","7"
"1672","37686","14",,,"0","100","1295","0","7"
"1673","37686","15",,,"0","100","1296","0","7"
"1674","37686","16",,,"0","100","1297","0","7"
"1675","37686","17",,,"0","100","1298","0","7"
"1676","37686","18",,,"0","100","1299","0","7"
"1677","37686","19",,,"0","100","1300","0","7"
"1678","37686","20",,,"0","100","1301","0","7"
"1679","37686","21",,,"0","100","1302","0","7"
"1680","37686","22",,,"0","100","1303","0","7"
"1681","37686","23",,,"0","100","1304","0","7"
"1682","37686","24",,,"0","100","1305","0","7"
"1683","37686","25",,,"0","100","1306","0","7"
"1684","37686","26",,,"0","100","1307","0","7"
"1685","37686","27",,,"0","100","1308","0","7"
"1686","37686","28",,,"0","100","1309","0","7"
"1687","37837","2",,,"0","100","1310","0",
"1688","37837","3",,,"0","100","1311","0",
"1689","37837","4",,,"0","100","1312","0",
"1690","37837","5",,,"0","100","1313","0",
"1691","37837","6",,,"0","100","1314","0",
"1692","37837","7",,,"0","100","1315","0",
"1693","37837","8",,,"0","100","1316","0",
"1694","37837","9",,,"0","100","1317","0",
"1695","37837","10",,,"0","100","1318","0",
"1696","37837","11",,,"0","100","1319","0",
"1697","37837","12",,,"0","100","1320","0",
"1698","37837","13",,,"0","100","1321","0",
"1699","37837","14",,,"0","100","1322","0",
"1700","37837","15",,,"0","100","1323","0",
"1701","37837","16",,,"0","100","1324","0",
"1702","37837","17",,,"0","100","1325","0",
"1703","37837","18",,,"0","100","1326","0",
"1704","37837","19",,,"0","100","1327","0",
"1705","37837","20",,,"0","100","1328","0",
"1706","37837","21",,,"0","100","1329","0",
"1707","37837","22",,,"0","100","1330","0",
"1708","37837","23",,,"0","100","1331","0",
"1709","37837","24",,,"0","100","1332","0",
"1710","37837","25",,,"0","100","1333","0",
"1711","37837","26",,,"0","100","1334","0",
"1712","37837","27",,,"0","100","1335","0",
"1713","37837","28",,,"0","100","1336","0",
"1714","37807",,,,"0","0","1","1002303",
"1715","37749","6",,,"0","100","1337","1002304",
"1716","37844",,,,"0","100","1338","0","7"
"1717","37843",,,,"0","100","1339","0","7"
"1718","37842",,,,"0","100","1340","0","7"
"1719","37854","2",,,"0","100","1341","0",
"1720","37854","3",,,"0","100","1342","0",
"1721","37854","4",,,"0","100","1343","0",
"1722","37854","5",,,"0","100","1344","0",
"1723","37854","6",,,"0","100","1345","0",
"1724","37854","7",,,"0","100","1346","0",
"1725","37854","8",,,"0","100","1347","0",
"1726","37854","9",,,"0","100","1348","0",
"1727","37854","10",,,"0","100","1349","0",
"1728","37854","11",,,"0","100","1350","0",
"1729","37854","12",,,"0","100","1351","0",
"1730","37854","13",,,"0","100","1352","0",
"1731","37854","14",,,"0","100","1353","0",
"1732","37854","15",,,"0","100","1354","0",
"1733","37854","16",,,"0","100","1355","0",
"1734","37854","17",,,"0","100","1356","0",
"1735","37854","18",,,"0","100","1357","0",
"1736","37854","19",,,"0","100","1358","0",
"1737","37854","20",,,"0","100","1359","0",
"1738","37854","21",,,"0","100","1360","0",
"1739","37854","22",,,"0","100","1361","0",
"1740","37854","23",,,"0","100","1362","0",
"1741","37854","24",,,"0","100","1363","0",
"1742","37854","25",,,"0","100","1364","0",
"1743","37854","26",,,"0","100","1365","0",
"1744","37854","27",,,"0","100","1366","0",
"1745","37854","28",,,"0","100","1367","0",
"1746","37808",,,,"0","0","1","1002392",
"1747","37750","7",,,"0","100","1368","1002393",
"1748","37827",,,,"0","0","1","1002395",
"1749","37769","26",,,"0","100","1369","1002396",
"1750","37898","2",,,"0","100","1370","0","2"
"1751","37898","3",,,"0","100","1371","0","2"
"1752","37898","4",,,"0","100","1372","0","2"
"1753","37898","5",,,"0","100","1373","0","2"
"1754","37898","6",,,"0","100","1374","0","2"
"1755","37898","7",,,"0","100","1375","0","2"
"1756","37898","8",,,"0","100","1376","0","2"
"1757","37898","9",,,"0","100","1377","0","2"
"1758","37898","10",,,"0","100","1378","0","2"
"1759","37898","11",,,"0","100","1379","0","2"
"1760","37898","12",,,"0","100","1380","0","2"
"1761","37898","13",,,"0","100","1381","0","2"
"1762","37898","14",,,"0","100","1382","0","2"
"1763","37898","15",,,"0","100","1383","0","2"
"1764","37898","16",,,"0","100","1384","0","2"
"1765","37898","17",,,"0","100","1385","0","2"
"1766","37898","18",,,"0","100","1386","0","2"
"1767","37898","19",,,"0","100","1387","0","2"
"1768","37898","20",,,"0","100","1388","0","2"
"1769","37898","21",,,"0","100","1389","0","2"
"1770","37898","22",,,"0","100","1390","0","2"
"1771","37898","23",,,"0","100","1391","0","2"
"1772","37898","24",,,"0","100","1392","0","2"
"1773","37898","25",,,"0","100","1393","0","2"
"1774","37898","26",,,"0","100","1394","0","2"
"1775","37898","27",,,"0","100","1395","0","2"
"1776","37898","28",,,"0","100","1396","0","2"
"1777","37900","2",,,"0","100","1397","0",
"1778","37900","3",,,"0","100","1398","0",
"1779","37900","4",,,"0","100","1399","0",
"1780","37900","5",,,"0","100","1400","0",
"1781","37900","6",,,"0","100","1401","0",
"1782","37900","7",,,"0","100","1402","0",
"1783","37900","8",,,"0","100","1403","0",
"1784","37900","9",,,"0","100","1404","0",
"1785","37900","10",,,"0","100","1405","0",
"1786","37900","11",,,"0","100","1406","0",
"1787","37900","12",,,"0","100","1407","0",
"1788","37900","13",,,"0","100","1408","0",
"1789","37900","14",,,"0","100","1409","0",
"1790","37900","15",,,"0","100","1410","0",
"1791","37900","16",,,"0","100","1411","0",
"1792","37900","17",,,"0","100","1412","0",
"1793","37900","18",,,"0","100","1413","0",
"1794","37900","19",,,"0","100","1414","0",
"1795","37900","20",,,"0","100","1415","0",
"1796","37900","21",,,"0","100","1416","0",
"1797","37900","22",,,"0","100","1417","0",
"1798","37900","23",,,"0","100","1418","0",
"1799","37900","24",,,"0","100","1419","0",
"1800","37900","25",,,"0","100","1420","0",
"1801","37900","26",,,"0","100","1421","0",
"1802","37900","27",,,"0","100","1422","0",
"1803","37900","28",,,"0","100","1423","0",
"1804","37826",,,,"0","0","1","1002401",
"1805","37768","25",,,"0","100","1424","1002402",
"1806","37899",,,,"0","100","1425","0","2"
"1807","37942",,,,"0","100","1426","0","7"
"1808","37943",,,,"0","100","1427","0","7"
"1809","37910",,,,"0","100","419","0",
"1810","37911",,,,"0","100","420","0",
"1811","37819",,,,"0","0","1","1002408",
"1812","37761","18",,,"0","100","1428","1002409",
"1813","37953",,,,"0","100","466","0",
"1814","37954",,,,"0","100","467","0",
"1815","37955",,,,"0","100","468","0",
"1816","37956",,,,"0","100","466","0",
"1817","37957",,,,"0","100","467","0",
"1818","37958",,,,"0","100","468","0",
"1819","37959",,,,"0","0","1","0",
"1820","37960",,,,"0","0","1","0",
"1821","37961",,,,"0","0","1","0",
"1822","37811",,,,"0","0","1","1002413",
"1823","37753","10",,,"0","100","1429","1002414",
"1824","37970","29",,,"250","100","6","0",
"1825","37971","29",,,"500","100","8","0",
"1826","37989","2",,,"0","100","1430","0",
"1827","37989","3",,,"0","100","1431","0",
"1828","37989","4",,,"0","100","1432","0",
"1829","37989","5",,,"0","100","1433","0",
"1830","37989","6",,,"0","100","1434","0",
"1831","37989","7",,,"0","100","1435","0",
"1832","37989","8",,,"0","100","1436","0",
"1833","37989","9",,,"0","100","1437","0",
"1834","37989","10",,,"0","100","1438","0",
"1835","37989","11",,,"0","100","1439","0",
"1836","37989","12",,,"0","100","1440","0",
"1837","37989","13",,,"0","100","1441","0",
"1838","37989","14",,,"0","100","1442","0",
"1839","37989","15",,,"0","100","1443","0",
"1840","37989","16",,,"0","100","1444","0",
"1841","37989","17",,,"0","100","1445","0",
"1842","37989","18",,,"0","100","1446","0",
"1843","37989","19",,,"0","100","1447","0",
"1844","37989","20",,,"0","100","1448","0",
"1845","37989","21",,,"0","100","1449","0",
"1846","37989","22",,,"0","100","1450","0",
"1847","37989","23",,,"0","100","1451","0",
"1848","37989","24",,,"0","100","1452","0",
"1849","37989","25",,,"0","100","1453","0",
"1850","37989","26",,,"0","100","1454","0",
"1851","37989","27",,,"0","100","1455","0",
"1852","37989","28",,,"0","100","1456","0",
"1853","37983","2",,,"0","100","1457","0","4"
"1854","37983","3",,,"0","100","1458","0","4"
"1855","37983","4",,,"0","100","1459","0","4"
"1856","37983","5",,,"0","100","1460","0","4"
"1857","37983","6",,,"0","100","1461","0","4"
"1858","37983","7",,,"0","100","1462","0","4"
"1859","37983","8",,,"0","100","1463","0","4"
"1860","37983","9",,,"0","100","1464","0","4"
"1861","37983","10",,,"0","100","1465","0","4"
"1862","37983","11",,,"0","100","1466","0","4"
"1863","37983","12",,,"0","100","1467","0","4"
"1864","37983","13",,,"0","100","1468","0","4"
"1865","37983","14",,,"0","100","1469","0","4"
"1866","37983","15",,,"0","100","1470","0","4"
"1867","37983","16",,,"0","100","1471","0","4"
"1868","37983","17",,,"0","100","1472","0","4"
"1869","37983","18",,,"0","100","1473","0","4"
"1870","37983","19",,,"0","100","1474","0","4"
"1871","37983","20",,,"0","100","1475","0","4"
"1872","37983","21",,,"0","100","1476","0","4"
"1873","37983","22",,,"0","100","1477","0","4"
"1874","37983","23",,,"0","100","1478","0","4"
"1875","37983","24",,,"0","100","1479","0","4"
"1876","37983","25",,,"0","100","1480","0","4"
"1877","37983","26",,,"0","100","1481","0","4"
"1878","37983","27",,,"0","100","1482","0","4"
"1879","37983","28",,,"0","100","1483","0","4"
"1880","37984",,,,"0","100","1484","0","4"
"1881","37988",,,,"0","100","1485","0","2"
"1882","37816",,,,"0","0","1","1002461",
"1883","37758","15",,,"0","100","1486","1002462",
